Nama Kapal,Eks Nama Kapal,Call Sign,Jenis Kapal,Nama Pemilik,No. Tanda Pendaftaran,Panjang,Lebar,Dalam,LOA,GT,Isi Bersih,Nomor IMO,Tahun Pembuatan
HABCO POLARIS,TRANS FRIENDSHIP II,YCVM2,Bulk Carrier,PT HABCO TRANS MARITIMA,2019 IIa No. 4069/L,169.02,28.2,14.2,177.5,19994,11158,9487055,2008.0
HABCO PIONEER,IVS SHIKRA,YCMR2,Bulk Carrier,PT HABCO TRANS MARITIMA,2019 IIa No. 3949/L,163.8,27.0,13.8,170.7,17979,10934,9370329,2004.0
HABCO CARINA,QATAR SPIRIT EKS KAVO PLATANOS,YDHC2,Bulk Carrier,PT HABCO TRANS MARITIMA,2021 Pst No. 794/L,185.65,32.26,18.0,189.99,32957,19231,9497866,2007.0
JKW MAHAKAM 7,OCEANLINE 286,YDB6793,Tug Boat,PT PELITA SAMUDERA SHIPPING,2019 IIk No. 8563/L,28.04,9.0,4.3,30.1,287,87,,
RATU MAHAKAM,,PNRQ,Crane Barge,PT PELITA SAMUDERA SHIPPING,2010 Pst No. 6539/L,105.6,27.5,7.0,105.6,6522,1957,,
BEN GLORY,DANIEL,YBLA2,Floating Crane Barge,PT PELITA SAMUDERA SHIPPING,2007 Pst No. 4526/L,72.0,23.0,4.25,75.0,2315,695,,
STRAITS PHOENIX,,YDRN2,Barge,PT PELITA SAMUDERA SHIPPING,2009 GGa No. 6100/L,72.67,24.5,5.4,75.7,3320,996,,
JKW MAHAKAM 5,PU 2010,YDB 6699,Tug Boat,PT PELITA SAMUDERA SHIPPING,2017 IIk No. 8196/L,28.08,9.0,4.27,30.1,266,78,9512094,
JKW MAHAKAM 2,PU 2413,YDB 6693,Tug Boat,PT PELITA SAMUDERA SHIPPING,2017 IIk No. 8195/L,27.09,8.6,4.12,29.0,248,75,9512795,
JKW MAHAKAM 6,PU 2414,YDB 6697,Tug Boat,PT PELITA SAMUDERA SHIPPING,2017 IIk No. 8197/L,27.09,8.6,4.12,29.0,248,75,9512800,
DEWI IRIANA 3,PU 3309,-,Barge,PT PELITA SAMUDERA SHIPPING,2017 IIk No. 8205/L,96.27,26.16,6.1,100.05,4065,1220,-,
DEWI CITRAWATI,KARYA ENERGY - 09,YBD 6391,Tug Boat,PT PELITA SAMUDERA SHIPPING,2014 IIk No. 7025/L,23.45,7.0,3.4,24.99,162,49,8699364,
RATU DEWATA,,YBKX2,Barge,PT PELITA SAMUDERA SHIPPING,2009 Pst No. 5892/L,105.35,27.5,7.0,110.02,6404,1922,,
INTAN KELANA 20,,,Deck Barge,PT PELITA SAMUDERA SHIPPING,2010 Pst No. 6146/L,87.86,24.4,5.5,91.52,3141,943,,2006.0
INTAN KELANA 19,,,Deck Barge,PT PELITA SAMUDERA SHIPPING,2010 Pst No. 6145/L,87.86,24.4,5.5,91.52,3141,943,,2006.0
INTAN KELANA 18,,,Deck Barge,PT PELITA SAMUDERA SHIPPING,2010 Pst No. 6197/L,87.84,24.4,5.5,87.84,3241,973,,2006.0
INTAN KELANA 17,,,Deck Barge,PT PELITA SAMUDERA SHIPPING,2010 Pst No. 6196/L,87.84,24.4,5.5,87.84,3241,973,,2006.0
INTAN KELANA 16,,,Barge,PT PELITA SAMUDERA SHIPPING,2009 Pst No. 5893/L,87.78,24.38,5.49,91.46,3102,931,,2006.0
JKW PELITA 1,,YDC4332,Tug Boat,PT PELITA SAMUDERA SHIPPING,2021 Pst No. 902/L,25.01,8.2,4.0,27.0,213,64,9940722,2021.0
INTAN KELANA 12,,,Deck Barge,PT PELITA SAMUDERA SHIPPING,2010 Pst No. 6195/L,87.84,24.4,5.5,87.84,3241,973,,2005.0
INTAN KELANA 8,,,Barge,PT PELITA SAMUDERA SHIPPING,2010 Pst No. 6133/L,87.86,24.4,5.5,87.86,3141,943,,2005.0
INTAN KELANA 13,,,Deck Barge,PT PELITA SAMUDERA SHIPPING,2010 Pst No. 6134/L,87.86,24.4,5.5,91.52,3141,943,,2005.0
INTAN KELANA 15,,,Deck Barge,PT PELITA SAMUDERA SHIPPING,2010 Pst No. 6135/L,87.78,24.38,5.48,91.46,3092,928,,2006.0
INTAN KELANA 7,,,Deck Barge,PT PELITA SAMUDERA SHIPPING,2010 Pst No. 6156/L,87.84,24.4,5.5,91.5,3241,973,,2005.0
INTAN KELANA 6,,,Barge,PT PELITA SAMUDERA SHIPPING,2010 Pst No. 6155/L,87.84,24.4,5.5,91.5,3241,973,,2005.0
INTAN KELANA 5,,,Barge,PT PELITA SAMUDERA SHIPPING,2010 Pst No. 6154/L,87.84,24.4,5.5,91.5,3241,973,,2005.0
INTAN KELANA 4,,,Deck Barge,PT PELITA SAMUDERA SHIPPING,2010 Pst No. 6153/L,87.84,24.4,5.5,91.5,3241,973,,2005.0
INTAN KELANA 1,,,Deck Barge,PT PELITA SAMUDERA SHIPPING,2008 Pst No. 5008/L,87.78,24.38,5.49,87.78,3091,928,,2005.0
INTAN KELANA 11,,,Deck Barge,PT PELITA SAMUDERA SHIPPING,2010 Pst No. 6194/L,87.84,24.4,5.5,87.84,3241,973,,2005.0
INTAN MEGAH 25,,YDA 4513,Tug Boat,PT PELITA SAMUDERA SHIPPING,2009 Pst No. 5891/L,25.75,8.6,4.3,25.75,251,76,9430088,2007.0
INTAN KELANA 10,,,Deck Barge,PT PELITA SAMUDERA SHIPPING,2010 Pst No. 6143/L,87.86,24.4,5.5,91.52,3141,943,,2006.0
INTAN MEGAH 22,,YDA4555,Tug Boat,PT PELITA SAMUDERA SHIPPING,2010 Pst No. 6152/L,26.03,8.6,4.3,28.05,267,81,9413274,2006.0
INTAN MEGAH 21,,YDA4589,Tug Boat,PT PELITA SAMUDERA SHIPPING,2010 Pst No. 6191/L,26.03,8.6,4.3,26.03,265,80,9413262,2006.0
INTAN MEGAH 26,,YDA 4590,Tug Boat,PT PELITA SAMUDERA SHIPPING,2010 Pst No. 6192/L,26.03,8.6,4.3,27.81,265,80,9430076,2007.0
INTAN MEGAH 20,,YDA 4571,Tug Boat,PT PELITA SAMUDERA SHIPPING,2010 Pst No. 6142/L,27.39,9.0,4.4,28.97,262,79,9414620,2006.0
INTAN MEGAH 19,,YDA 4570,Tug Boat,PT PELITA SAMUDERA SHIPPING,2010 Pst No. 6141/L,27.39,9.0,4.4,28.97,262,79,9414618,2006.0
INTAN MEGAH 18,,YDA 4569,Tug Boat,PT PELITA SAMUDERA SHIPPING,2010 Pst No. 6140/L,27.39,9.0,4.4,28.97,262,79,9414606,2006.0
INTAN MEGAH 16,,YDA 4560,Tug Boat,PT PELITA SAMUDERA SHIPPING,2010 Pst No. 6129/L,27.39,9.0,4.4,28.97,262,79,9414589,2006.0
INTAN MEGAH 15,,YDA 4558,Tug Boat,PT PELITA SAMUDERA SHIPPING,2010 Pst No. 6128/L,27.39,9.0,4.4,27.39,262,79,9414577,2006.0
INTAN MEGAH 14,,YDA 4592,Tug Boat,PT PELITA SAMUDERA SHIPPING,2010 Pst No. 6190/L,26.0,9.0,4.1,26.0,218,66,9386627,2005.0
INTAN MEGAH 13,,YDA 4559,Tug Boat,PT PELITA SAMUDERA SHIPPING,2010 Pst No. 6127/L,26.0,9.0,4.3,27.59,225,68,9386615,2005.0
INTAN MEGAH 12,,YDA 4568,Tug Boat,PT PELITA SAMUDERA SHIPPING,2010 Pst No. 6139/L,26.0,9.0,4.3,27.59,227,69,9386603,2005.0
INTAN MEGAH 10,,YDA4554,Tug Boat,PT PELITA SAMUDERA SHIPPING,2010 Pst No. 6151/L,26.0,9.0,410.0,28.2,217,66,9386586,2005.0
INTAN MEGAH 4,,YDA 4573,Tug Boat,PT PELITA SAMUDERA SHIPPING,2010 Pst No. 6185/L,26.03,8.6,4.3,26.03,267,81,9383742,2005.0
INTAN MEGAH 2,,YDA 4572,Tug Boat,PT PELITA SAMUDERA SHIPPING,2010 Pst No. 6184/L,26.03,8.6,4.3,26.03,267,81,9367463,2004.0
INTAN MEGAH 7,,YDA 4579,Tug Boat,PT PELITA SAMUDERA SHIPPING,2010 Pst No. 6186/L,26.03,8.6,4.3,26.03,267,81,9386196,2005.0
INTAN MEGAH 9,,,Tug Boat,PT PELITA SAMUDERA SHIPPING,2010 Pst No. 6188/L,26.0,9.0,4.1,26.0,218,66,9386574,2005.0
INTAN MEGAH 6,,YDA 4553,Tug Boat,PT PELITA SAMUDERA SHIPPING,2010 Pst No. 6150/L,26.03,8.6,4.3,28.05,267,81,9386184,2005.0
INTAN MEGAH 5,,YDA4567,Tug Boat,PT PELITA SAMUDERA SHIPPING,2010 Pst No. 6138/L,26.03,8.6,4.3,27.81,265,80,9386172,2005.0
INTAN MEGAH 3,,YDA4556,Tug Boat,PT PELITA SAMUDERA SHIPPING,2010 Pst No. 6126/L,26.03,8.6,4.3,27.81,265,80,9379507,2005.0
INTAN MEGAH 1,,YDA4552,Tug Boat,PT PELITA SAMUDERA SHIPPING,2010 Pst No. 6149/L,26.03,8.6,4.3,28.05,267,81,9367451,2004.0
KKL 03,,YDB4510,Tug Boat,PT PELITA SAMUDERA SHIPPING,2014 HHa No. 3414/L,24.62,8.0,3.5,26.0,189,57,8695368,2013.0
DEWI CITRAWATI II,,YDB6730,Tug Boat,PT PELITA SAMUDERA SHIPPING,2018 IIk No. 8294/L,26.3,8.6,4.1,28.0,234,71,,2013.0
TUNGGADEWI I,RHYMAN 19,,Barge,PT PELITA SAMUDERA SHIPPING,2012 Ba No. 3027/L,79.01,21.34,4.88,82.3,2146,644,,
DEWI IRIANA 8,MARINE POWER 3015,,Barge,PT PELITA SAMUDERA SHIPPING,2008 GGa No. 6007/L,96.56,25.6,6.1,100.58,3874,1163,,
JKW MAHAKAM 10,BIAK 20,YDB6367,Tug Boat,PT PELITA SAMUDERA SHIPPING,2014 IIk No. 7042/L,27.26,9.0,3.93,29.75,249,75,8693841,
BRAWIDJAYA I,RHYMAN 16,YDA6905,Tug Boat,PT PELITA SAMUDERA SHIPPING,2012 IIk No. 5993/L,23.77,7.25,3.3,23.8,166,50,,
DEWI IRIANA 10,,,Barge,PT PELITA SAMUDERA SHIPPING,2019 IIk No. 8925/L,96.56,27.43,6.4,100.58,4256,1277,,
DEWI IRIANA 9,,,Barge,PT PELITA SAMUDERA SHIPPING,2019 IIk No. 8883/L,96.56,27.43,6.1,100.58,4259,1278,,
HARLINA 128,,YDB4460,Tug Boat,PT PELITA SAMUDERA SHIPPING,2013 Ba No. 3615/L,26.83,8.2,3.6,29.02,208,63,8776409,
HARLINA 119,,YDB4373,Tug Boat,PT PELITA SAMUDERA SHIPPING,2013 Ba No. 3484/L,25.26,7.5,3.6,27.04,189,57,8773017,
DEWI TABONEO,SOEKAWATI 368,,Barge,PT PELITA SAMUDERA SHIPPING,2012 Ba No. 3181/L,87.84,24.4,5.5,91.5,3093,928,,
DEWI FATMAWATI,SOEKAWATI 369,,Barge,PT PELITA SAMUDERA SHIPPING,2012 Ba No. 3182/L,87.84,24.4,5.5,91.5,3146,944,,
JKW MAHAKAM 8,MARINA 28,YD3769,Tug Boat,PT PELITA SAMUDERA SHIPPING,2010 GGa No.6495/L,27.36,8.0,3.7,29.0,222,67,,2010.0
INTAN KELANA 26,,,Deck Barge,PT PELITA SAMUDERA SHIPPING,2010 Pst No. 6200/L,87.84,24.4,5.5,87.84,3241,973,,2006.0
INTAN KELANA 27,,,Deck Barge,PT PELITA SAMUDERA SHIPPING,2010 Pst No. 6201/L,87.84,24.4,5.5,87.84,3241,973,,2006.0
INTAN KELANA 25,,,Deck Barge,PT PELITA SAMUDERA SHIPPING,2010 Pst No. 6137/L,87.86,24.4,5.5,91.52,3141,943,,2006.0
INTAN KELANA 24,,,Deck Barge,PT PELITA SAMUDERA SHIPPING,2010 Pst No. 6147/L,87.86,24.4,5.5,91.52,3141,943,,2007.0
INTAN KELANA 23,,,Deck Barge,PT PELITA SAMUDERA SHIPPING,2010 Pst No. 6136/L,87.86,24.4,5.5,91.52,3141,943,,2006.0
INTAN KELANA 22,,,Deck Barge,PT PELITA SAMUDERA SHIPPING,2010 Pst No. 6199/L,87.86,24.4,5.5,87.86,3220,966,,2006.0
INTAN KELANA 21,,,Deck Barge,PT PELITA SAMUDERA SHIPPING,2010 Pst No. 6198/L,87.86,24.4,5.5,87.86,3220,966,,2006.0
INTAN KELANA 28,,,Deck Barge,PT PELITA SAMUDERA SHIPPING,2010 Pst No. 6148/L,87.86,24.4,5.5,91.52,3141,943,,2007.0
INTAN MEGAH 17,,YDA 4557,Tug Boat,PT PELITA SAMUDERA SHIPPING,2010 Pst No. 6130/L,27.39,9.0,4.4,27.39,262,79,9414591,2006.0
INTAN MEGAH 8,,YDA 4574,Tug Boat,PT PELITA SAMUDERA SHIPPING,2010 Pst No. 6187/L,26.03,8.6,4.3,26.03,267,81,9386201,2005.0
JKW MAHAKAM 3,PU 2417,YDB 6694,Tug Boat,PT PELITA SAMUDERA SHIPPING,2017 IIk No. 8199/L,28.2,9.0,4.3,30.0,275,83,9570527,2008.0
JKW MAHAKAM 1,PU 2009,YDB 6696,Tug Boat,PT PELITA SAMUDERA SHIPPING,2017 IIk No. 8198/L,28.05,9.0,4.27,30.1,280,84,9563093,2008.0
DEWI IRIANA 5,PU 3311,-,Barge,PT PELITA SAMUDERA SHIPPING,2017 IIk No. 8206/L,96.0,26.16,6.1,100.5,3987,1197,-,2008.0
DEWI IRIANA 2,PU 3315,-,Barge,PT PELITA SAMUDERA SHIPPING,2017 IIk No. 8204/L,96.0,26.16,6.1,100.05,3987,1197,-,2008.0
DEWI IRIANA 6,PU 3312,-,Barge,PT PELITA SAMUDERA SHIPPING,2017 IIk No. 8203/L,96.0,26.16,6.1,100.05,3987,1197,-,2008.0
DEWI IRIANA 1,PU 3314,-,Barge,PT PELITA SAMUDERA SHIPPING,2017 IIk No. 8202/L,96.0,26.16,6.1,100.05,3987,1197,-,2008.0
QUEEN 202,,,Barge,PT MITRABAHTERA SEGARA SEJATI,2010 Ka No. 4198/L,87.84,24.4,5.5,91.5,3144,944,,2004.0
ANGELINE 219-05,,,Deck Barge,PT MITRABAHTERA SEGARA SEJATI,2014 IIa No.3630/L,87.78,24.38,5.49,91.44,3103,931,,2014.0
MICHELLE 219-06,,YDB6542,Tug Boat,PT MITRABAHTERA SEGARA SEJATI,2015 IIa No.3658/L,24.97,8.2,4.0,27.0,207,63,8782173,2011.0
ENTEBE MEGASTAR 72,,YDA4842,Tug Boat,PT MITRABAHTERA SEGARA SEJATI,2011 Pst No. 6890/L,27.93,8.6,4.12,30.0,271,82,,2010.0
ANGELINE 219-08,,,Deck Barge,PT MITRABAHTERA SEGARA SEJATI,2015 IIa No.3678/L,87.78,24.38,5.49,91.44,3036,911,,2014.0
ANGELINE 219-06,,,Barge,PT MITRABAHTERA SEGARA SEJATI,2014 IIa No.3637/L,87.78,24.38,5.49,91.44,3103,931,,2014.0
ANGELINE 219-07,,,Deck Barge,PT MITRABAHTERA SEGARA SEJATI,2015 IIa No.3680/L,87.78,24.38,5.49,91.44,3036,911,,2014.0
MICHELLE 219-07,,YDB 6578,Tug Boat,PT MITRABAHTERA SEGARA SEJATI,2015 IIa No.3681/L,24.15,8.0,3.65,26.0,197,60,,2013.0
MICHELLE 219-08,,YDB6579,Tug Boat,PT MITRABAHTERA SEGARA SEJATI,2015 IIa No. 3679/L,24.15,8.0,3.65,26.0,197,60,9777010,2013.0
MICHELLE 219-05,,YDB6535,Tug Boat,PT MITRABAHTERA SEGARA SEJATI,2014 IIa No.3657/L,24.97,8.2,4.0,27.0,207,63,8782109,2011.0
FINACIA 200,,,Barge,PT MITRABAHTERA SEGARA SEJATI,2020 PPm No. 5860/L,87.78,25.6,6.1,91.44,3619,1086,,2020.0
FINACIA 201,,,Barge,PT MITRABAHTERA SEGARA SEJATI,2020 PPm No. 5861/L,87.78,25.6,6.1,91.44,3619,1086,,2020.0
ENTEBE MEGASTAR 66,,YDA 4607,Tug Boat,PT MITRABAHTERA SEGARA SEJATI,2010 Pst No. 6264/L,26.98,8.6,4.2,29.0,261,79,,2009.0
ENTEBE MEGA STAR 65,,YDA 4606,Tug Boat,PT MITRABAHTERA SEGARA SEJATI,2010 Pst No. 6263/L,26.98,8.6,4.2,29.0,261,79,,2008.0
ENTEBE POWER 8,,YDA 6552,Tug Boat,PT MITRABAHTERA SEGARA SEJATI,2010 IIk No. 5078/L,26.23,8.1,3.6,27.76,207,63,9613044,2008.0
ENTEBE POWER 9,,YDA 6517,Tug Boat,PT MITRABAHTERA SEGARA SEJATI,2010 IIk No. 5027/L,26.23,8.1,3.6,27.76,209,63,8743634,2008.0
ENTEBE MEGASTAR 56,,YDA 6275,Tug Boat,PT MITRABAHTERA SEGARA SEJATI,2009 IIa No. 2825/L,28.96,9.0,4.3,31.0,288,87,9422469,2006.0
MEGA POWER 25,,YDB 6070,Tug Boat,PT MITRABAHTERA SEGARA SEJATI,2012 IIk No. 6317/L,27.98,8.6,3.7,29.97,248,75,8681135,2012.0
MEGA POWER 28,,YDB 6072,Tug Boat,PT MITRABAHTERA SEGARA SEJATI,2012 IIk No. 6398/L,28.38,8.6,3.7,29.99,245,74,8682878,2012.0
MEGA POWER 26,,YDB 6071,Tug Boat,PT MITRABAHTERA SEGARA SEJATI,2012 IIk No. 6397/L,28.38,8.6,3.7,29.99,245,74,8681161,2012.0
BAHTERA 3006,,,Barge,PT MITRABAHTERA SEGARA SEJATI,2018 PPm No. 4891/L,87.78,25.6,5.49,91.44,3245,974,,2018.0
BAHTERA 3005,,,Barge,PT MITRABAHTERA SEGARA SEJATI,2018 PPm No. 4890/L,87.78,25.6,5.49,91.44,3245,974,,2018.0
BAHTERA 3003,,,Barge,PT MITRABAHTERA SEGARA SEJATI,2018 PPm No. 4889/L,87.78,25.6,5.49,91.44,3245,974,,2018.0
CELEBES SEJATI 01,,YDC4008,Tug Boat,PT MITRABAHTERA SEGARA SEJATI,2018 Pst No. 9942/L,27.14,9.0,4.0,29.0,289,87,,2017.0
BAHTERA 3002,,,Barge,PT MITRABAHTERA SEGARA SEJATI,2018 PPm No. 4892/L,87.78,25.6,5.49,91.44,3245,974,,2018.0
BAHTERA 3001,,,Barge,PT MITRABAHTERA SEGARA SEJATI,2018 PPm No. 4888/L,87.78,25.6,5.49,91.44,3245,974,,2018.0
TEBAR,TS ADVANCE,YDB4146,Tug Boat,PT MITRABAHTERA SEGARA SEJATI,2012 Pst No. 7501/L,27.44,9.0,4.16,29.5,251,76,9614452,2009.0
BORNEO SEJATI 01,,YDB4979,Tug Boat,PT MITRABAHTERA SEGARA SEJATI,2018 Pst No. 9803/L,24.07,8.0,3.65,26.0,199,60,,2017.0
MEGA POWER 16,,YD 5170,Tug Boat,PT MITRABAHTERA SEGARA SEJATI,2012 Ka No. 4946/L,27.7,8.6,4.5,30.0,279,84,,2011.0
MEGA POWER 15,,YD 5169,Tug Boat,PT MITRABAHTERA SEGARA SEJATI,2012 Ka No. 4945/L,27.7,8.6,4.5,30.0,279,84,8677328,2011.0
MAY 202,,YD 5149,Tug Boat,PT MITRABAHTERA SEGARA SEJATI,2010 Ka No. 4197/L,26.88,8.6,4.11,29.0,229,69,9336115,
BEKIL,,,Deck Barge,PT MITRABAHTERA SEGARA SEJATI,2010 Pst No. 6109/L,106.8,28.04,6.93,106.8,5340,1602,,
BAWAL,,,Deck Barge,PT MITRABAHTERA SEGARA SEJATI,2009 Pst No. 5970/L,106.8,28.04,6.93,111.25,5340,1603,,
TANDUR,TS ADVENTURE,YDB 4145,Tug Boat,PT MITRABAHTERA SEGARA SEJATI,2012 Pst No. 7502/L,27.44,9.0,4.16,29.5,251,76,9614464,
FINACIA 92,,,Barge,PT MITRABAHTERA SEGARA SEJATI,2012 IIa No. 3276/L,87.78,24.4,5.5,91.44,3104,932,,
MEGA POWER 19,,YD 5180,Tug Boat,PT MITRABAHTERA SEGARA SEJATI,2012 Ka No. 5139/L,27.7,8.6,4.5,30.0,279,84,8681850,
SS 2502,,,Barge,PT MITRABAHTERA SEGARA SEJATI,2011 PPm No. 2016/L,73.15,21.34,4.88,76.2,1900,570,,
SEGARA SEJATI 3,HSJ,YDA6650,Tug Boat,PT MITRABAHTERA SEGARA SEJATI,2011 IIk No. 5440/L,26.9,8.2,3.65,28.24,223,67,,
FINACIA 72,,,Barge,PT MITRABAHTERA SEGARA SEJATI,2010 IIa No. 2978/L,96.62,27.45,6.41,100.65,4272,1282,,
FINACIA 73,,,Barge,PT MITRABAHTERA SEGARA SEJATI,2010 IIa No. 3034/L,96.62,27.45,6.41,100.65,4272,1282,,
ENTEBE POWER 1,,YDA6265,Tug Boat,PT MITRABAHTERA SEGARA SEJATI,2009 IIa No. 2823/L,22.08,7.32,3.1,23.5,131,40,9382401,2005.0
FINACIA 81,,,Deck Barge,PT MITRABAHTERA SEGARA SEJATI,2011 PPm No. 1735/L,87.84,24.38,5.49,91.5,3031,910,,2010.0
FINACIA 82,,,Deck Barge,PT MITRABAHTERA SEGARA SEJATI,2011 PPm No. 1591/L,87.84,24.38,5.49,91.5,3031,910,,2010.0
FINACIA 85,,,Deck Barge,PT MITRABAHTERA SEGARA SEJATI,2011 PPm No. 1736/L,87.84,24.38,5.49,91.5,3031,910,,2010.0
FINACIA 83,,,Deck Barge,PT MITRABAHTERA SEGARA SEJATI,2011 PPm No. 1638/L,87.84,24.38,5.49,91.5,3031,910,,2010.0
ENTEBE STAR 61,,YDA6499,Tug Boat,PT MITRABAHTERA SEGARA SEJATI,2010 IIa No. 3017/L,27.05,8.6,4.11,29.0,228,69,9468011,2007.0
MEGA POWER 12,,YDA6786,Tug Boat,PT MITRABAHTERA SEGARA SEJATI,2011 IIk No. 5613/L,27.39,8.6,4.05,29.35,243,73,8681240,2010.0
SURYA SEGARA,,YD8033,Tug Boat,PT MITRABAHTERA SEGARA SEJATI,2010 KKb No. 985/L,26.51,8.2,3.3,28.7,193,58,,2009.0
FINACIA 69,,,Barge,PT MITRABAHTERA SEGARA SEJATI,2010 IIa No. 3020/L,87.84,24.4,5.5,91.5,3141,943,,2007.0
ENTEBE POWER 5,,YDA6148,Tug Boat,PT MITRABAHTERA SEGARA SEJATI,2008 IIk No. 4492/L,25.5,8.2,3.3,27.03,192,58,8736148,2007.0
MEGA POWER 23,,YDA6772,Tug Boat,PT MITRABAHTERA SEGARA SEJATI,2011 IIk No. 5674/L,27.61,8.0,3.7,29.0,219,66,8686173,2011.0
SEGARA SEJATI 5,,YD5188,Tug Boat,PT MITRABAHTERA SEGARA SEJATI,2012 Ka No. 5273/L,24.62,8.0,3.5,26.0,184,56,8679053,2011.0
FINACIA - 32,,,Barge,PT MITRABAHTERA SEGARA SEJATI,2006 IIa No. 2504/L,97.84,24.4,5.5,91.5,3141,943,,2005.0
FINACIA - 29,,,Barge,PT MITRABAHTERA SEGARA SEJATI,2006 IIa No. 2492/L,87.84,24.4,5.5,91.5,3141,943,,2005.0
FINACIA 110,BRAVO 7,,Barge,PT MITRABAHTERA SEGARA SEJATI,2014 PPm No. 3714/L,106.8,28.04,6.93,111.25,5248,1575,,2008.0
MEGASTAR 80,,YDB 4689,Tug Boat,PT MITRABAHTERA SEGARA SEJATI,2015 Pst No. 8847/L,28.07,9.0,4.27,30.1,274,83,,2014.0
ENTEBE MEGASTAR 79,,YDA 4796,Tug Boat,PT MITRABAHTERA SEGARA SEJATI,2011 Pst No. 6753/L,28.0,9.0,4.6,30.2,298,90,9607239,2008.0
ENTEBE STAR 71,,YDA 4795,Tug Boat,PT MITRABAHTERA SEGARA SEJATI,2011 Pst No. 6752/L,27.93,8.6,4.12,30.0,271,82,,2010.0
ENTEBE MEGASTAR 75,,YDA 4799,Tug Boat,PT MITRABAHTERA SEGARA SEJATI,2011 Pst No. 6751/L,27.9,9.0,4.27,30.1,291,88,,2010.0
FINACIA 62,,,Barge,PT MITRABAHTERA SEGARA SEJATI,2007 PPm No. 659/L,96.56,27.43,6.1,100.58,4251,1276,,2006.0
GINA 7,,YD 6759,Tug Boat,PT MITRABAHTERA SEGARA SEJATI,2010 IIa No. 2975/L,27.08,8.2,4.1,29.8,226,68,9181390,1996.0
GINA 1,,YD 6758,Tug Boat,PT MITRABAHTERA SEGARA SEJATI,2010 IIa No. 2974/L,23.36,7.2,3.8,25.2,129,39,9133800,1993.0
SS 2501,,,Barge,PT MITRABAHTERA SEGARA SEJATI,2011 PPm No. 2015/L,73.15,21.34,4.88,76.2,1900,570,,2011.0
ENTEBE STAR 21,,,Tug Boat,PT MITRABAHTERA SEGARA SEJATI,2009 IIa No.2822/L,27.05,8.6,4.11,29.0,228,69,9336103,2004.0
FINACIA 86,OCEAN MASTER 202,,Deck Barge,PT MITRABAHTERA SEGARA SEJATI,2011 IIa No.3168/L,87.84,24.0,5.5,87.84,3103,931,,2010.0
ENTEBE STAR 76,MT REAPER,YDA6656,Tug Boat,PT MITRABAHTERA SEGARA SEJATI,2011 IIa No. 3144/L,25.07,8.2,3.6,27.0,180,54,,2009.0
SURYA SEGARA 3,,YD 5165,Tug Boat,PT MITRABAHTERA SEGARA SEJATI,2011 Ka No. 4736/L,26.4,8.6,4.11,29.0,204,62,8675100,2010.0
SURYA SEGARA 2,,YD5160,Tug Boat,PT MITRABAHTERA SEGARA SEJATI,2011 Ka No. 4735/L,26.5,8.6,4.11,29.0,204,62,8673786,2010.0
FINACIA,,,Deck Barge,PT MITRABAHTERA SEGARA SEJATI,2010 Ka No. 4114/L,87.84,24.4,5.5,91.5,3144,944,,2000.0
SELWYN 3,,YDA6634,Tug Boat,PT MITRABAHTERA SEGARA SEJATI,2010 IIk No.5381/L,28.48,8.58,3.75,30.2,261,79,,2010.0
ENTEBE STAR 69,,YDA4533,Tug Boat,PT MITRABAHTERA SEGARA SEJATI,2010 Pst No. 6037/L,28.06,8.6,4.12,30.0,263,79,9517305,2008.0
SEGARA SEJATI 6,,YD5189,Tug Boat,PT MITRABAHTERA SEGARA SEJATI,2012 Ka No. 5567/L,24.62,8.0,3.5,26.0,184,56,8680002,2011.0
FINACIA 97,WINBUILD 1466,,Deck Barge,PT MITRABAHTERA SEGARA SEJATI,2011 IIa No.3199/L,88.37,25.0,6.1,92.1,3481,1045,,2010.0
OCEAN POWER 20,,YD5173,Tug Boat,PT MITRABAHTERA SEGARA SEJATI,2012 Ka No. 5097/L,26.83,8.1,3.6,28.0,194,58,8677093,2011.0
FINACIA 89,,,Deck Barge,PT MITRABAHTERA SEGARA SEJATI,2011 IIa No.3234/L,87.78,24.4,5.5,91.44,3104,932,,2010.0
FINACIA 87,,,Deck Barge,PT MITRABAHTERA SEGARA SEJATI,2011 IIa No.3163/L,87.84,24.4,5.5,91.5,2972,892,,2010.0
FINACIA 105,WINBUILD 1252,,Deck Barge,PT MITRABAHTERA SEGARA SEJATI,2011 IIa No.3193/L,106.8,28.04,6.93,111.25,5338,1602,,2010.0
FINACIA 99,WINBUILD 1473,,Deck Barge,PT MITRABAHTERA SEGARA SEJATI,2011 IIa No.3192/L,87.84,24.4,5.5,91.5,3146,944,,2010.0
ENTEBE STAR 78,MT RALEIGH,YDA6687,Tug Boat,PT MITRABAHTERA SEGARA SEJATI,2011 IIa No.3162/L,25.07,8.2,3.6,27.0,180,54,,2009.0
ENTEBE MEGASTAR 73,,YDA6667,Tug Boat,PT MITRABAHTERA SEGARA SEJATI,2011 IIa No.3149/L,28.04,9.0,4.27,30.1,272,82,,2009.0
FINACIA 102,WINBUILD 1436,,Deck Barge,PT MITRABAHTERA SEGARA SEJATI,2011 IIa No.3143/L,106.8,28.04,6.93,111.25,5338,1602,,2010.0
FINACIA 101,WINBUILD 1435,,Deck Barge,PT MITRABAHTERA SEGARA SEJATI,2011 IIa No.3148/L,106.8,28.04,6.93,111.25,5338,1602,,2010.0
FINACIA 71,,,Deck Barge,PT MITRABAHTERA SEGARA SEJATI,2009 Pst No. 5960/L,87.84,24.38,5.49,87.84,3142,944,,2008.0
FINACIA 70,,,Deck Barge,PT MITRABAHTERA SEGARA SEJATI,2009 Pst No. 5959/L,87.84,24.38,5.49,87.84,3145,944,,2008.0
FINACIA 78,,,Deck Barge,PT MITRABAHTERA SEGARA SEJATI,2010 Pst No. 6376/L,87.78,24.38,5.49,87.78,3145,944,,2009.0
FINACIA 77,,,Deck Barge,PT MITRABAHTERA SEGARA SEJATI,2010 Pst No. 6068/L,93.64,27.43,6.1,93.64,4131,1240,,2009.0
FINACIA 75,,,Deck Barge,PT MITRABAHTERA SEGARA SEJATI,2010 Pst No. 6067/L,93.64,27.43,6.1,93.64,4131,1240,,2009.0
OCEAN POWER 21,,YD5177,Tug Boat,PT MITRABAHTERA SEGARA SEJATI,2012 Ka No. 5138/L,26.83,8.1,3.6,28.0,194,58,8677689,2011.0
ENTEBE EMERALD 68,,YDA 4608,Tug Boat,PT MITRABAHTERA SEGARA SEJATI,2010 Pst No. 6265/L,24.29,8.0,3.65,26.0,201,61,,2008.0
ENTEBE STAR 62,,YDA 6500,Tug Boat,PT MITRABAHTERA SEGARA SEJATI,2010 IIa No. 3018/L,27.05,8.6,4.11,29.0,228,69,9468023,2007.0
MBS - 272,,,Deck Barge,PT MITRABAHTERA SEGARA SEJATI,2011 IIa No.3174/L,79.01,21.34,79.01,79.01,2144,644,,2011.0
FINACIA 98,WINBUILD 1467,,Deck Barge,PT MITRABAHTERA SEGARA SEJATI,2011 IIa No.3200/L,88.37,25.0,6.1,88.37,3481,1045,,2010.0
FINACIA 103,WINBUILD 1253,,Deck Barge,PT MITRABAHTERA SEGARA SEJATI,2011 IIa No.3209/L,106.8,28.04,6.93,106.8,5338,1602,,2010.0
FINACIA 88,,,Deck Barge,PT MITRABAHTERA SEGARA SEJATI,2011 IIa No.3235/L,87.78,24.4,5.5,87.78,3104,932,,2010.0
FINACIA 90,,,Deck Barge,PT MITRABAHTERA SEGARA SEJATI,2011 IIa No.3233/L,87.78,24.4,5.5,87.78,3104,932,,2010.0
FINACIA 91,,,Deck Barge,PT MITRABAHTERA SEGARA SEJATI,2011 IIa No.3232/L,87.78,24.4,5.5,87.78,3104,932,,2010.0
FINACIA 93,,,Deck Barge,PT MITRABAHTERA SEGARA SEJATI,2012 IIa No.3275/L,87.78,24.4,5.5,87.78,3104,932,,2011.0
FINACIA 95,,,Deck Barge,PT MITRABAHTERA SEGARA SEJATI,2012 IIa No. 3312/L,87.78,24.4,5.5,87.78,3146,944,,2011.0
FINACIA 96,,,Deck Barge,PT MITRABAHTERA SEGARA SEJATI,2012 IIa No. 3311/L,87.78,24.4,5.5,87.78,3146,944,,2011.0
FINACIA 109,,,Deck Barge,PT MITRABAHTERA SEGARA SEJATI,2013 IIa No.3441/L,106.8,28.04,6.93,106.8,5338,1602,,2012.0
FINACIA 108,,,Deck Barge,PT MITRABAHTERA SEGARA SEJATI,2013 IIa No.3422/L,106.8,28.04,6.93,106.8,5338,1602,,2012.0
FINACIA 106,,,Deck Barge,PT MITRABAHTERA SEGARA SEJATI,2013 IIa No.3400/L,106.8,28.04,6.93,106.8,5338,1602,,2012.0
FINACIA 100,WINBUILD 1441,,Deck Barge,PT MITRABAHTERA SEGARA SEJATI,2011 IIa No.3134/L,106.8,28.04,6.93,106.8,5338,1602,,2011.0
FINACIA 57,,,Barge,PT MITRABAHTERA SEGARA SEJATI,2009 IIa No. 2784/L,97.44,27.43,6.4,97.44,4172,1252,,2006.0
RALINE 16,,,Barge,PT BATULICIN NUSANTARA MARITIM,2021 PPm No. 6329/L,87.78,24.38,5.49,91.44,3117,936,,2021.0
FAREL 16,,YDC3412,Tug Boat,PT BATULICIN NUSANTARA MARITIM,2021 PPm No. 6325/L,24.97,8.2,4.0,27.0,207,63,,2021.0
RALINE 17,,,Barge,PT BATULICIN NUSANTARA MARITIM,2021 PPm No. 6328/L,87.78,24.38,5.49,91.44,3117,936,,2021.0
RALINE 18,,,Barge,PT BATULICIN NUSANTARA MARITIM,2021 PPm No. 6330/L,87.78,24.38,5.49,91.44,3117,936,,2021.0
FAREL 17,,YDC3397,Tug Boat,PT BATULICIN NUSANTARA MARITIM,2021 PPm No. 6326/L,24.97,8.2,4.0,27.0,207,63,,2021.0
FAREL 18,,YDC3398,Tug Boat,PT BATULICIN NUSANTARA MARITIM,2021 PPm No. 6327/L,24.97,8.2,4.0,27.0,207,63,,2021.0
BINTANG INDAH BERSAMA,,YB6910,Landing Craft Tank,PT BATULICIN NUSANTARA MARITIM,2018 IIa No. 3897/L,25.91,7.5,2.15,35.5,133,40,,2013.0
FAREL 15,,YDB3097,Tug Boat,PT BATULICIN NUSANTARA MARITIM,2019 PPm No. 5232/L,24.97,8.2,4.0,27.0,207,63,,2018.0
RALINE 15,,,Barge,PT BATULICIN NUSANTARA MARITIM,2019 PPm No. 5230/L,96.56,29.26,5.49,100.58,4170,1251,,2018.0
RALINE 14,,,Barge,PT BATULICIN NUSANTARA MARITIM,2019 PPm No. 5229/L,96.56,29.26,5.49,100.58,4170,1251,,2018.0
FAREL 14,,YDB3098,Tug Boat,PT BATULICIN NUSANTARA MARITIM,2019 PPm No. 5231/L,24.97,8.2,4.0,27.0,207,63,,2018.0
RALINE 13,,,Barge,PT BATULICIN NUSANTARA MARITIM,2019 PPm No. 5183/L,96.56,29.26,5.49,100.58,4170,1251,,2018.0
FAREL 13,,YDB3080,Tug Boat,PT BATULICIN NUSANTARA MARITIM,2019 PPm No. 5184/L,24.97,8.2,4.0,27.0,207,63,,2018.0
RALINE 12,,,Barge,PT BATULICIN NUSANTARA MARITIM,2019 PPm No. 5131/L,96.56,29.26,5.49,100.58,4170,1251,,2018.0
RALINE 11,,,Barge,PT BATULICIN NUSANTARA MARITIM,2019 PPm No. 5130/L,96.56,29.26,5.49,100.58,4170,1251,,2018.0
FAREL 12,,YD5266,Tug Boat,PT BATULICIN NUSANTARA MARITIM,2019 PPm No. 5129/L,24.97,8.2,4.0,27.0,207,63,,2018.0
FAREL 11,,YD5263,Tug Boat,PT BATULICIN NUSANTARA MARITIM,2019 PPm No. 5128/L,24.97,8.2,4.0,27.0,207,63,,2018.0
RALINE 10,,,Barge,PT BATULICIN NUSANTARA MARITIM,2019 Ba No. 5547/L,96.56,29.26,5.49,100.58,4179,1254,,2018.0
RALINE 9,,,Barge,PT BATULICIN NUSANTARA MARITIM,2018 Ba No. 5465/L,96.56,29.26,5.49,100.58,4179,1254,,2018.0
FAREL 10,,YD5265,Tug Boat,PT BATULICIN NUSANTARA MARITIM,2019 Ba No. 5546/L,24.97,8.2,4.0,27.0,207,63,,2018.0
FAREL 09,,YD5264,Tug Boat,PT BATULICIN NUSANTARA MARITIM,2018 Ba No. 5464/L,24.97,8.2,4.0,27.0,207,63,,2018.0
RALINE 8,,,Barge,PT BATULICIN NUSANTARA MARITIM,2018 Ba No. 5427/L,96.26,29.26,5.49,100.58,4170,1251,,2018.0
FAREL 08,,YDC4072,Tug Boat,PT BATULICIN NUSANTARA MARITIM,2018 Ba No. 5426/L,24.07,8.2,4.0,27.0,207,63,,2017.0
FAREL 06,,YDC4002,Tug Boat,PT BATULICIN NUSANTARA MARITIM,2018 Ba No. 5209/L,24.97,8.2,4.0,27.0,207,63,,2014.0
FAREL 07,,YDC4003,Tug Boat,PT BATULICIN NUSANTARA MARITIM,2018 Ba No. 5210/L,24.97,8.2,4.0,27.0,207,63,,2017.0
RALINE 7,,,Barge,PT BATULICIN NUSANTARA MARITIM,2018 Ba No. 5211/L,87.78,25.6,5.49,91.44,3245,974,,2017.0
RALINE 6,,,Barge,PT BATULICIN NUSANTARA MARITIM,2018 Ba No. 5208/L,87.78,25.6,5.49,91.44,3245,974,,2017.0
FAREL 05,,YDB4977,Tug Boat,PT BATULICIN NUSANTARA MARITIM,2017 Ba No. 4977/L,24.97,8.2,4.0,27.0,207,63,,2014.0
RALINE 3,,,Barge,PT BATULICIN NUSANTARA MARITIM,2017 Ba No. 4960/L,87.78,24.38,5.49,91.44,3103,931,,2017.0
FAREL 04,,YDB4863,Tug Boat,PT BATULICIN NUSANTARA MARITIM,2017 Ba No. 4808/L,24.97,8.2,4.0,27.0,207,63,,2014.0
FAREL 03,,YDB4874,Tug Boat,PT BATULICIN NUSANTARA MARITIM,2017 Ba No. 4807/L,24.97,8.2,4.0,27.0,207,63,,2014.0
FAREL 02,,YDA4914,Tug Boat,PT BATULICIN NUSANTARA MARITIM,2011 Ba No. 2352/L,24.96,8.2,4.0,26.8,220,66,8659443,2010.0
RALINE 2,,,Barge,PT BATULICIN NUSANTARA MARITIM,2017 Ba No. 4806/L,87.78,24.38,5.49,91.44,3103,931,,2014.0
RALINE 1,,,Barge,PT BATULICIN NUSANTARA MARITIM,2017 Ba No. 4805/L,87.78,24.38,5.49,91.44,3103,931,,2014.0
FAREL 01,,YDA4913,Tug Boat,PT BATULICIN NUSANTARA MARITIM,2011 Ba No. 2351/L,24.96,8.2,4.0,26.8,220,66,8659431,2010.0
BALENO 1,YONG TONG 1,,Deck Barge,PT BATULICIN NUSANTARA MARITIM,2008 Pst No. 5352/L,87.84,24.46,5.5,91.5,3512,1054,,2007.0
ALDWIN 3002,,YB5822,Crew Boat,PT PELAYARAN NASIONAL EKALYA PURNAMASARI,2022 Kb No. 22/L,28.19,6.8,2.57,30.5,135,41,,2022.0
TALAWANG DANUM,,YDA 6314,Crew Boat,PT PELAYARAN NASIONAL EKALYA PURNAMASARI,2009 IIk No. 4733/L,12.05,3.9,1.55,12.1,19,6,,2008.0
ANGGREK 58,GADING 01,,Catamaran,PT PELAYARAN NASIONAL EKALYA PURNAMASARI,2012 IIk No. 6064/L,16.82,6.1,1.85,18.16,70,21,,2011.0
EP ALFA,,,Crew Boat,PT PELAYARAN NASIONAL EKALYA PURNAMASARI,2014 Ka No. 6541/L,27.8,6.8,2.75,31.2,115,35,,2013.0
RUHEN 20,,,Crew Boat,PT PELAYARAN NASIONAL EKALYA PURNAMASARI,2015 IIk No. 7723/L,9.74,2.98,1.46,10.97,12,4,,2015.0
ARKAREGA,,YDQH2,Supply,PT PELAYARAN NASIONAL EKALYA PURNAMASARI,2021 Kb No. 20/L,44.16,12.6,4.8,48.3,896,269,,2020.0
SURFER 1945,,YDB4149,Crew Boat,PT PELAYARAN NASIONAL EKALYA PURNAMASARI,2012 Ba No. 3177/L,18.75,4.74,1.7,19.17,36,11,,2011.0
SURFER 1846,,YB4727,Crew Boat,PT PELAYARAN NASIONAL EKALYA PURNAMASARI,2010 Pst No. 6164/L,18.7,4.1,1.6,19.17,38,12,,2007.0
SURFER 1845,,YB4730,Crew Boat,PT PELAYARAN NASIONAL EKALYA PURNAMASARI,2010 Pst No. 6163/L,18.7,4.1,1.6,19.17,38,12,,2007.0
SURFER 1843,,YB4726,Crew Boat,PT PELAYARAN NASIONAL EKALYA PURNAMASARI,2010 Pst No. 6124/L,18.7,4.1,1.6,19.17,38,12,,2007.0
KCT - 1703,,,Crew Boat,PT PELAYARAN NASIONAL EKALYA PURNAMASARI,2014 IIk No. 7436/L,15.05,4.4,1.9,17.15,39,12,,2014.0
KCT 1103,,YB6954,Crew Boat,PT PELAYARAN NASIONAL EKALYA PURNAMASARI,2021 IIk No. 9387/L,10.84,3.4,1.45,12.28,14,5,,2018.0
RUHEN 1808,SURFER 1816,YB4731,Crew Boat,PT PELAYARAN NASIONAL EKALYA PURNAMASARI,2010 Pst No. 6161/L,18.7,4.1,1.6,19.17,38,12,,2004.0
RUHEN 1807,SURFER 1847,YB 4729,Crew Boat,PT PELAYARAN NASIONAL EKALYA PURNAMASARI,2010 Pst No. 6165/L,18.7,4.1,1.6,19.17,38,12,,2007.0
RUHEN 1806,SURFER 1841,YB 4725,Crew Boat,PT PELAYARAN NASIONAL EKALYA PURNAMASARI,2010 Pst No. 6162/L,18.7,4.1,1.6,19.17,38,12,,2007.0
RUHEN 1805,SURFER 1840,YB 4728,Crew Boat,PT PELAYARAN NASIONAL EKALYA PURNAMASARI,2010 Pst No. 6167/L,18.7,4.1,1.6,19.17,38,12,,2007.0
RUHEN 1403,SURFER 14005,YB4873,Crew Boat,PT PELAYARAN NASIONAL EKALYA PURNAMASARI,2013 Pst No. 7800/L,13.07,4.23,1.45,13.1,26,8,,2012.0
RUHEN 1402,SURFER 14004,YB4872,Crew Boat,PT PELAYARAN NASIONAL EKALYA PURNAMASARI,2013 Pst No. 7799/L,13.07,4.23,1.45,13.1,26,8,,2012.0
RUHEN 1401,SURFER 14003,YB4846,Crew Boat,PT PELAYARAN NASIONAL EKALYA PURNAMASARI,2012 Pst No. 7442/L,13.05,4.23,1.45,13.07,18,6,,2012.0
ERLIMA,,,Landing Craft Tank,PT PELAYARAN NASIONAL EKALYA PURNAMASARI,2002 IIk No. 2818/L,40.0,9.0,3.3,40.0,328,193,,2001.0
SUBERKO 01,,YD 5203,Crew Boat,PT PELAYARAN NASIONAL EKALYA PURNAMASARI,2013 Ka No. 5867/L,32.69,7.6,3.35,36.4,193,58,,2012.0
MOHAC,,,Crew Boat,PT PELAYARAN NASIONAL EKALYA PURNAMASARI,2020 IIk No. 9104/L,19.74,5.8,1.68,22.69,51,16,,2012.0
ANGGREK 7501,WESTSEA TRIPET,YCSY2,Supply,PT PELAYARAN NASIONAL EKALYA PURNAMASARI,2019 Pst No. 261/L,70.87,7.6,7.8,78.8,3230,969,9647019,2013.0
KCT RURIK 02,,,Crew Boat,PT PELAYARAN NASIONAL EKALYA PURNAMASARI,2012 IIk No. 5938/L,12.05,4.0,1.6,13.05,21,7,,2011.0
ETZOMER 502,BORCOS TASNEEM 7,YCJS2,Anchor Handling Tug Supply,PT PELAYARAN NASIONAL EKALYA PURNAMASARI,2018 Ka No. 8220/L,56.39,16.0,6.0,60.0,1712,514,9559066,2010.0
ETZOMER 501,BORCOS TASNEEM 6,YCJR2,Anchor Handling Tug Supply,PT PELAYARAN NASIONAL EKALYA PURNAMASARI,2018 Ka No. 8219/L,56.39,16.0,6.0,60.0,1712,514,9559054,2010.0
KCT 2203,,YDB6783,Crew Boat,PT PELAYARAN NASIONAL EKALYA PURNAMASARI,2018 IIk No. 8501/L,19.05,5.0,2.3,21.6,64,20,,2017.0
RUHEN 26,,,Crew Boat,PT PELAYARAN NASIONAL EKALYA PURNAMASARI,2015 IIk No. 7668/L,9.92,3.0,1.45,11.0,11,4,,2014.0
RUHEN 25,,,Crew Boat,PT PELAYARAN NASIONAL EKALYA PURNAMASARI,2015 IIk No. 7667/L,9.92,3.0,1.45,11.0,11,4,,2014.0
RUHEN 24,,,Crew Boat,PT PELAYARAN NASIONAL EKALYA PURNAMASARI,2015 IIk No. 7666/L,9.92,3.0,1.45,11.0,11,4,,2014.0
RUHEN 23,,,Crew Boat,PT PELAYARAN NASIONAL EKALYA PURNAMASARI,2015 IIk No. 7648/L,9.92,3.0,1.45,11.0,11,4,,2014.0
RUHEN 27,,,Crew Boat,PT PELAYARAN NASIONAL EKALYA PURNAMASARI,2015 IIk No. 7611/L,9.74,2.98,1.46,10.97,11,4,,2014.0
RUHEN 28,,,Crew Boat,PT PELAYARAN NASIONAL EKALYA PURNAMASARI,2015 IIk No. 7612/L,9.74,2.98,1.46,10.97,11,4,,2014.0
KCT - 1702,,,Crew Boat,PT PELAYARAN NASIONAL EKALYA PURNAMASARI,2014 IIk No. 7435/L,15.05,4.4,1.9,17.15,39,12,,2014.0
KCT - 1704,,YB6931,Crew Boat,PT PELAYARAN NASIONAL EKALYA PURNAMASARI,2014 IIk No. 7437/L,15.05,4.4,1.9,17.15,39,12,,2014.0
KCT - 1701,,,Crew Boat,PT PELAYARAN NASIONAL EKALYA PURNAMASARI,2014 IIk No. 7433/L,15.05,4.4,1.9,17.15,39,12,,2014.0
RUHEN 22,,YB6752,Crew Boat,PT PELAYARAN NASIONAL EKALYA PURNAMASARI,2015 IIk No. 7645/L,11.12,3.0,1.45,12.28,15,5,,2014.0
RUHEN 32,,,Crew Boat,PT PELAYARAN NASIONAL EKALYA PURNAMASARI,2015 IIk No. 7595/L,9.78,3.0,1.25,11.0,7,3,,2014.0
RUHEN 16,,,Crew Boat,PT PELAYARAN NASIONAL EKALYA PURNAMASARI,2014 IIk No. 7281/L,10.95,2.9,1.45,11.0,12,4,,2013.0
RUHEN 15,,,Crew Boat,PT PELAYARAN NASIONAL EKALYA PURNAMASARI,2014 IIk No. 7280/L,10.95,2.9,1.45,11.0,12,4,,2013.0
RUHEN 12,,,Crew Boat,PT PELAYARAN NASIONAL EKALYA PURNAMASARI,2014 IIk No. 7277/L,10.96,2.9,1.45,11.0,12,4,,2013.0
SAFIRA,,YB6746,Crew Boat,PT PELAYARAN NASIONAL EKALYA PURNAMASARI,2012 IIk No. 6330/L,11.0,2.9,1.45,12.52,14,5,,2012.0
SEABUS 02,,YB 6485,Crew Boat,PT PELAYARAN NASIONAL EKALYA PURNAMASARI,2012 IIk No. 6331/L,11.76,2.9,1.45,12.89,14,5,,2012.0
RUHEN 08,,,Crew Boat,PT PELAYARAN NASIONAL EKALYA PURNAMASARI,2014 IIk No. 7134/L,10.95,2.88,1.43,11.0,12,4,,2013.0
RUHEN 09,,,Crew Boat,PT PELAYARAN NASIONAL EKALYA PURNAMASARI,2014 IIk No. 7135/L,10.95,2.88,1.43,11.0,12,4,,2013.0
LIO,,YDA 6615,Crew Boat,PT PELAYARAN NASIONAL EKALYA PURNAMASARI,2010 IIk No. 5384/L,11.88,3.86,1.56,13.13,19,6,,2010.0
MENTARI EXPRESS,,YDA 6614,Crew Boat,PT PELAYARAN NASIONAL EKALYA PURNAMASARI,2010 IIk No. 5385/L,11.83,3.86,1.56,13.13,19,6,,2010.0
KCT 3002 UT,,YB5470,Utility,PT PELAYARAN NASIONAL EKALYA PURNAMASARI,2016 Ka No. 7593/L,26.98,8.0,3.4,29.4,199,60,,2014.0
KCT 3001 UT,,YB5466,Utility,PT PELAYARAN NASIONAL EKALYA PURNAMASARI,2016 Ka No. 7592/L,26.98,8.0,3.4,29.4,199,60,,2014.0
RUHEN 13,,YB6806,Crew Boat,PT PELAYARAN NASIONAL EKALYA PURNAMASARI,2014 IIk No. 7278/L,10.95,2.9,1.45,12.52,12,4,,2013.0
ARMADA - IV,,PMFY,Landing Craft Tank,PT PELAYARAN NASIONAL EKALYA PURNAMASARI,2007 MMa No. 832/L,40.4,9.0,3.3,46.35,340,102,,2006.0
RUHEN 07,,,Crew Boat,PT PELAYARAN NASIONAL EKALYA PURNAMASARI,2013 IIk No. 6805/L,10.95,2.88,1.4,11.0,12,4,,2013.0
RUHEN 06,,,Crew Boat,PT PELAYARAN NASIONAL EKALYA PURNAMASARI,2013 IIk No. 6804/L,10.95,2.88,1.4,11.0,12,4,,2012.0
RUHEN 05,,,Crew Boat,PT PELAYARAN NASIONAL EKALYA PURNAMASARI,2013 IIk No. 6803/L,10.95,2.88,1.4,11.0,12,4,,2012.0
RUHEN 04,,,Crew Boat,PT PELAYARAN NASIONAL EKALYA PURNAMASARI,2013 IIk No. 6802/L,10.95,2.88,1.4,11.0,12,4,,2012.0
RUHEN 03,,,General Cargo,PT PELAYARAN NASIONAL EKALYA PURNAMASARI,2013 IIk No. 6520/L,10.95,3.0,1.35,11.0,11,4,,2012.0
RUHEN 02,,,General Cargo,PT PELAYARAN NASIONAL EKALYA PURNAMASARI,2013 IIk No. 6519/L,10.95,3.0,1.35,11.0,11,4,,2012.0
RUHEN 01,,,General Cargo,PT PELAYARAN NASIONAL EKALYA PURNAMASARI,2013 IIk No. 6518/L,10.95,3.0,1.35,11.0,11,4,,2012.0
RUHEN 11,,,Crew Boat,PT PELAYARAN NASIONAL EKALYA PURNAMASARI,2014 IIk No. 7137/L,10.95,2.88,1.43,11.0,12,4,,2013.0
RUHEN 10,,,Crew Boat,PT PELAYARAN NASIONAL EKALYA PURNAMASARI,2014 IIk No. 7136/L,10.95,2.88,1.43,11.0,12,4,,2013.0
KCT-1907,,,Crew Boat,PT PELAYARAN NASIONAL EKALYA PURNAMASARI,2016 IIk No. 7804/L,17.2,4.5,1.65,19.34,41,13,,2014.0
KCT - 1303,,YB6744,Crew Boat,PT PELAYARAN NASIONAL EKALYA PURNAMASARI,2016 IIk No. 7903/L,12.0,3.95,1.6,13.13,23,7,,2015.0
KCT - 1302,,YB6745,Crew Boat,PT PELAYARAN NASIONAL EKALYA PURNAMASARI,2016 IIk No. 7902/L,12.0,3.95,1.6,13.13,22,7,,2015.0
KCT 1905,,YB5448,Crew Boat,PT PELAYARAN NASIONAL EKALYA PURNAMASARI,2015 Ka NO. 7470/L,18.75,4.5,1.7,19.05,48,15,,2014.0
KCT - 1904,,YB5447,Crew Boat,PT PELAYARAN NASIONAL EKALYA PURNAMASARI,2015 Ka No. 7469/L,19.05,4.5,1.7,19.7,47,15,,2014.0
KCT - 1903,,YB5445,Crew Boat,PT PELAYARAN NASIONAL EKALYA PURNAMASARI,2015 Ka No. 7468/L,19.05,4.5,1.7,19.7,47,15,,2014.0
KCT 1901,,YB 5431,Crew Boat,PT PELAYARAN NASIONAL EKALYA PURNAMASARI,2015 Ka No. 7239/L,17.6,4.5,2.2,18.95,47,15,,2014.0
KCT - 2202,,YB5446,Crew Boat,PT PELAYARAN NASIONAL EKALYA PURNAMASARI,2015 Ka No. 7472/L,19.5,5.0,1.7,21.9,61,19,,2014.0
KCT 1906,,YB5449,Crew Boat,PT PELAYARAN NASIONAL EKALYA PURNAMASARI,2015 Ka NO. 7471/L,19.05,4.5,2.2,19.75,49,15,,2014.0
KCT.RURIK 01,,YDA6704,Tug Boat,PT PELAYARAN NASIONAL EKALYA PURNAMASARI,2011 IIk No. 5585/L,19.22,5.4,2.3,23.6,61,19,,2010.0
KCT 4001,,YBA4050,Crew Boat,PT PELAYARAN NASIONAL EKALYA PURNAMASARI,2017 Ka No. 7760/L,35.92,7.6,2.7,40.0,248,93,9763667,2014.0
KCT 2201,,YB 5433,Crew Boat,PT PELAYARAN NASIONAL EKALYA PURNAMASARI,2015 Ka No. 7241/L,19.5,5.0,1.7,21.5,60,18,,2014.0
KCT 1902,,YB 5432,Crew Boat,PT PELAYARAN NASIONAL EKALYA PURNAMASARI,2015 Ka No. 7240/L,18.55,4.5,1.7,19.45,48,15,,2014.0
RUHEN 14,,YB 6753,Crew Boat,PT PELAYARAN NASIONAL EKALYA PURNAMASARI,2014 IIk No. 7279/L,10.95,2.9,1.45,11.11,14,5,,2013.0
KCT 1101,,YB6783,Crew Boat,PT PELAYARAN NASIONAL EKALYA PURNAMASARI,2017 IIk No. 8124/L,12.0,3.0,1.5,13.15,17,6,,2015.0
KCT 1307,,YB6782,Crew Boat,PT PELAYARAN NASIONAL EKALYA PURNAMASARI,2017 IIk No. 8125/L,11.64,3.95,1.6,13.01,22,7,,2016.0
KCT 1304,,YB6784,Crew Boat,PT PELAYARAN NASIONAL EKALYA PURNAMASARI,2017 IIk No. 8126/L,11.64,3.95,1.6,13.01,22,7,,2016.0
KCT 1305,,YB6785,Crew Boat,PT PELAYARAN NASIONAL EKALYA PURNAMASARI,2017 IIk No. 8129/L,11.64,3.95,1.6,13.01,22,7,,2016.0
KCT 1102,,YB6786,Crew Boat,PT PELAYARAN NASIONAL EKALYA PURNAMASARI,2017 IIk No. 8127/L,10.84,3.0,1.45,12.21,14,5,,2015.0
KCT 1308,,YB6787,Crew Boat,PT PELAYARAN NASIONAL EKALYA PURNAMASARI,2017 IIk No. 8128/L,11.64,3.95,1.6,13.01,22,7,,2017.0
KCT 1306,,YB6788,Crew Boat,PT PELAYARAN NASIONAL EKALYA PURNAMASARI,2017 IIk No. 8130/L,11.64,3.95,1.6,13.01,22,7,,2016.0
BERKAT RENCANA B,,,General Cargo,PT PELAYARAN NASIONAL EKALYA PURNAMASARI,2015 IIk No. 7610/L,13.88,5.4,1.7,10.97,34,4,,2014.0
ARMADA III,,,Landing Craft Tank,PT PELAYARAN NASIONAL EKALYA PURNAMASARI,2007 IIk No. 3936/L,52.55,11.0,3.6,57.6,564,286,,2006.0
EKA SAYANG,,,Landing Craft Tank,PT PELAYARAN NASIONAL EKALYA PURNAMASARI,2004 IIk No. 3316/L,40.5,9.0,3.0,45.1,330,99,,2003.0
RUHEN 17,,,Crew Boat,PT PELAYARAN NASIONAL EKALYA PURNAMASARI,2014 IIk No. 7335/L,10.95,2.9,1.45,11.0,12,4,,2013.0
RUHEN 18,,,Crew Boat,PT PELAYARAN NASIONAL EKALYA PURNAMASARI,2014 IIk No. 7336/L,10.95,2.9,1.45,11.0,12,4,,2013.0
RUHEN 19,,,Crew Boat,PT PELAYARAN NASIONAL EKALYA PURNAMASARI,2014 IIk No. 7337/L,10.95,2.9,1.45,11.0,12,4,,2014.0
PB TCP 3305,,,Barge,PT TRANSCOAL PACIFIC,2022 PPm No. 6791/L,96.56,27.43,6.71,100.58,4440,1332,,2022.0
PB TCP 3303,,,Barge,PT TRANSCOAL PACIFIC,2022 PPm No. 6653/L,96.56,27.43,6.71,100.58,4440,1332,,2022.0
PT TCP 205,,YDC4475,Pusher Tug,PT TRANSCOAL PACIFIC,2022 Pst No. 1357/L,24.42,9.2,3.8,25.5,285,86,9901635,2021.0
PT TCP 203,,YDC4427,Pusher Tug,PT TRANSCOAL PACIFIC,2022 Pst No. 1215/L,23.58,9.2,3.8,25.5,285,84,9901623,2021.0
PB TCP 3301,,,Barge,PT TRANSCOAL PACIFIC,2021 Pst No. 892/L,96.43,27.43,6.71,100.58,4366,1310,,2019.0
PT TCP 202,,YDC4354,Pusher Tug,PT TRANSCOAL PACIFIC,2021 Pst No. 942/L,24.42,9.2,3.8,25.5,285,86,9901611,2020.0
PB TCP 3302,,,Barge,PT TRANSCOAL PACIFIC,2021 Pst No. 912/L,96.43,27.43,6.71,100.58,4366,1310,,2019.0
PT TCP 201,,YDC 4325,Pusher Tug,PT TRANSCOAL PACIFIC,2021 Pst No. 815/L,24.42,9.2,3.8,25.5,285,86,9901609,2019.0
TCP 1601,,YDA6958,Tug Boat,PT TRANSCOAL PACIFIC,2012 IIk No. 6137/L,24.94,7.0,3.3,27.07,175,53,,2011.0
ANUGERAH I,,YDA6507,Tug Boat,PT TRANSCOAL PACIFIC,2009 IIk No. 5003/L,26.76,8.0,3.8,29.02,211,64,,2009.0
HM 307,,,Barge,PT TRANSCOAL PACIFIC,2009 Ba No.1660/L,87.84,24.4,5.5,91.5,3146,944,,2007.0
ATLANTIC,,,Tug Boat,PT TRANSCOAL PACIFIC,2006 Ba No. 701/L,26.18,8.0,3.0,28.0,174,53,,2005.0
LANCAR I,,,Barge,PT TRANSCOAL PACIFIC,2009 Ba No. 1527/L,87.78,24.38,5.49,91.44,3107,933,,2009.0
HM 303,,,Barge,PT TRANSCOAL PACIFIC,2009 Ba No.1670/L,87.78,24.38,5.49,91.44,2936,881,,2006.0
MHKL 35,,,Barge,PT TRANSCOAL PACIFIC,2009 Ba No.1641/L,87.78,24.38,5.49,91.44,2936,881,,2006.0
TCP 3301,,,Barge,PT TRANSCOAL PACIFIC,2019 PPm No. 5410/L,96.56,27.43,6.1,100.58,4332,1300,,2019.0
KEITARO III,,YDB6051,Tug Boat,PT TRANSCOAL PACIFIC,2012 IIk No. 6372/L,26.1,8.2,3.85,28.47,259,78,8683121,2012.0
LOTUS 22-07,,YDA6773,Tug Boat,PT TRANSCOAL PACIFIC,2011 IIk No. 5694/L,28.01,9.0,3.8,29.51,245,74,,2011.0
TCP 207,,YDB6199,Tug Boat,PT TRANSCOAL PACIFIC,2013 IIk No. 6678/L,26.1,8.2,3.85,28.47,254,77,8689735,2013.0
KANAYA,,,Barge,PT TRANSCOAL PACIFIC,2012 Ba No. 2822/L,87.84,24.4,5.5,91.5,3091,928,,2011.0
TCP 4502,,,Barge,PT TRANSCOAL PACIFIC,2013 PPm No. 3020/L,73.2,22.56,6.1,76.25,2682,1527,,2012.0
TCP 4501,,,Barge,PT TRANSCOAL PACIFIC,2013 PPm No. 2801/L,73.2,22.56,6.1,76.25,2727,1548,,2011.0
TCP 30-05,,,Barge,PT TRANSCOAL PACIFIC,2012 Ba No.3011/L,87.78,24.4,5.5,91.44,3071,921,,2012.0
TCP 202,,YDB4218,Tug Boat,PT TRANSCOAL PACIFIC,2012 Ba No. 3103/L,24.97,8.2,4.0,27.0,207,63,,2012.0
TCP 30-01,,,Barge,PT TRANSCOAL PACIFIC,2012 Ba No.3012/L,87.84,24.4,5.5,91.5,3071,922,,2012.0
TCP 30-03,,,Barge,PT TRANSCOAL PACIFIC,2012 Ba No.3010/L,87.78,24.4,5.5,91.44,3071,921,,2012.0
TCP 30-02,,,Barge,PT TRANSCOAL PACIFIC,2012 Ba No.3013/L,87.84,24.4,5.5,91.5,3071,922,,2012.0
BANGUN 3,,YDB6066,Tug Boat,PT TRANSCOAL PACIFIC,2012 IIk No. 6369/L,26.86,8.2,3.75,28.22,215,65,8679704,2012.0
TCP 203,,YDB6224,Tug Boat,PT TRANSCOAL PACIFIC,2013 IIk No. 6560/L,27.52,8.5,3.8,28.74,230,69,8689278,2012.0
TCP 206,,YDB6198,Tug Boat,PT TRANSCOAL PACIFIC,2013 IIk No. 6677/L,26.1,8.2,3.85,28.47,254,77,8691037,2013.0
TCP 205,,YDB6220,Tug Boat,PT TRANSCOAL PACIFIC,2013 IIk No. 6607/L,27.01,8.5,3.76,29.09,234,71,9699543,2012.0
MISHA,,-,Barge,PT TRANSCOAL PACIFIC,2012 Ba No. 2986/L,91.3,27.45,6.1,95.1,4038,1212,-,2012.0
TCP PIONEER,BULK PIONEER,YCKN2,Crane Barge,PT TRANSCOAL PACIFIC,2010 Pst No. 6105/L,87.84,24.4,5.5,91.5,5363,1609,,2005.0
ALIYAH PERTIWI,SHUN YI,YCOX2,Bulk Carrier,PT TRANSCOAL PACIFIC,2019 Pst No. 148/L,206.4,32.26,19.1,225.0,38678,25737,9239991,2000.0
SEA TRANS 02,KM 8,YDB6740,Crew Boat,PT TRANSCOAL PACIFIC,2019 Ba No. 5525/L,12.4,4.1,2.0,13.0,21,7,-,2012.0
TCP 209,,YDC4053,Tug Boat,PT TRANSCOAL PACIFIC,2018 Ba No. 5472/L,27.02,8.6,4.2,29.0,261,79,9740043,2017.0
SEA TRANS 01,SPEB II,YDB4971,Crew Boat,PT TRANSCOAL PACIFIC,2018 IIk No. 8388/L,12.82,3.8,2.1,13.01,22,7,,2012.0
TCP 208,,YDB4986,Tug Boat,PT TRANSCOAL PACIFIC,2018 Ba No. 5275/L,27.02,8.6,4.2,29.0,261,79,9740031,2017.0
VARUNA 01,,YDA6285,Tug Boat,PT TRANSCOAL PACIFIC,2009 IIk No. 4753/L,26.02,8.0,3.75,27.97,213,64,8738603,2003.0
DHARMA I,,YDA6427,Tug Boat,PT TRANSCOAL PACIFIC,2009 IIk No. 4861/L,26.54,8.0,3.8,27.49,213,64,8656075,2008.0
SANTOSO - 5,,,Tug Boat,PT TRANS POWER MARINE,2005 IIk No. 3474/L,28.61,8.3,3.65,32.4,288,87,9028407,2004.0
TRANS POWER 204,,,Tug Boat,PT TRANS POWER MARINE,2008 Pst No. 5039/L,27.31,8.6,4.1,27.31,261,79,9556387,2006.0
GOLD TRANS 313,,,Deck Barge,PT TRANS POWER MARINE,2008 Pst No. 4989/L,87.78,24.38,5.49,87.78,3142,943,,2007.0
GOLD TRANS 305,RMN 313,,Barge,PT TRANS POWER MARINE,2006 IIk No. 3882/L,87.84,24.4,5.5,91.5,3136,941,,2002.0
TRANS POWER 210,,YDA4712,Tug Boat,PT TRANS POWER MARINE,2010 Pst No. 6548/L,26.78,8.6,4.2,29.0,260,78,9554860,2010.0
TRANS POWER 163,,YDA4710,Tug Boat,PT TRANS POWER MARINE,2010 Pst No. 6506/L,24.29,8.0,3.65,26.0,203,61,9603661,2008.0
GOLD TRANS 317,PB 3005,,Deck Barge,PT TRANS POWER MARINE,2010 Pst No. 6499/L,87.84,24.4,5.5,87.84,3146,944,,2010.0
GOLD TRANS 316,PB 3008,,Deck Barge,PT TRANS POWER MARINE,2010 Pst No. 6446/L,87.84,24.4,5.5,91.5,3245,974,,2010.0
TRANS POWER 209,,YDA4690,Tug Boat,PT TRANS POWER MARINE,2010 Pst No. 6445/L,27.02,8.6,4.2,29.0,265,80,9592381,2009.0
SANTOSO 6,,,Barge,PT TRANS POWER MARINE,2003 Ba No. 79/L,87.78,24.38,5.49,91.44,3100,930,,2002.0
TRANS POWER 218,,YD 5210,Tug Boat,PT TRANS POWER MARINE,2013 Ka No. 6497/L,27.6,8.2,3.75,29.0,220,66,8694510,2012.0
TRANS POWER 217,,YD5209,Tug Boat,PT TRANS POWER MARINE,2013 Ka No. 6496/L,27.6,8.2,3.75,29.0,220,66,8694508,2012.0
GOLD TRANS 3005,,,Deck Barge,PT TRANS POWER MARINE,2012 Pst No. 7577/L,87.84,24.4,5.5,91.5,3157,948,,2011.0
GOLD TRANS 3002,,,Deck Barge,PT TRANS POWER MARINE,2012 Pst No. 7575/L,87.78,24.38,5.48,91.44,3080,924,,2012.0
GOLD TRANS 3001,,,Deck Barge,PT TRANS POWER MARINE,2012 Pst No. 7574/L,87.78,24.38,5.48,91.44,3080,924,,2012.0
GOLD TRANS 3003,,,Deck Barge,PT TRANS POWER MARINE,2012 Pst No. 7576/L,87.84,24.4,5.5,91.5,3157,948,,2011.0
GOLD TRANS 309,,,Barge,PT TRANS POWER MARINE,2007 Pst No. 4671/L,87.78,24.38,5.49,91.44,3142,943,,2007.0
TRANS POWER 220,,YDC4156,Tug Boat,PT TRANS POWER MARINE,2019 Pst No. 327/L,27.14,8.6,4.25,29.0,263,79,,2013.0
GOLD TRANS 3011,,,Deck Barge,PT TRANS POWER MARINE,2019 Pst No. 326/L,87.84,24.4,5.5,91.5,3116,935,,2014.0
GOLD TRAN 304,GOLD TRANS 301,,Barge,PT TRANS POWER MARINE,2012 Pst No. 7270/L,87.84,24.4,5.5,91.5,3074,923,,2005.0
TRANS POWER 216,,YDB 6260,Tug Boat,PT TRANS POWER MARINE,2013 IIk No. 6777/L,27.04,8.1,4.0,28.49,241,73,8695992,2012.0
GOLD TRANS 3010,MARABUNTA 11,,Deck Barge,PT TRANS POWER MARINE,2012 Ka No. 5247/L,87.78,24.38,5.49,91.44,3139,942,,2012.0
TRANS POWER 248,RADAR 11,YD 5175,Tug Boat,PT TRANS POWER MARINE,2012 Ka No. 5246/L,27.36,9.0,4.4,29.2,295,89,,2010.0
DELTA CAHAYA 7,,YD6931,Tug Boat,PT TRANS POWER MARINE,2006 IIk No. 3933/L,26.21,8.1,3.4,28.52,204,62,9097771,2006.0
TRANS POWER 181,ASMAR 2,YDA 6720,Tug Boat,PT TRANS POWER MARINE,2005 IIk No. 3549/L,24.82,7.5,3.3,27.0,174,53,9093543,2005.0
GOLD TRANS 322,,,Barge,PT TRANS POWER MARINE,2011 Ba No. 2242/L,87.84,24.4,5.5,87.84,3140,942,,2010.0
KR 2,,YDB6068,Tug Boat,PT TRANS POWER MARINE,2013 IIk No. 6415/L,26.72,8.5,3.75,28.22,240,72,8681238,2012.0
KR ASSIST,,YDB6258,Tug Boat,PT TRANS POWER MARINE,2013 IIk No. 6778/L,21.55,6.5,3.3,21.85,128,39,8695370,2012.0
SOVEREIGN 8,,PLLI,Crane Barge,PT TRANS POWER MARINE,2015 Pst No. 8799/L,67.2,22.0,5.0,70.0,2646,794,,2012.0
TRANS POWER 202,MODALWAN 2090,,Tug Boat,PT TRANS POWER MARINE,2013 Pst No. 7798/L,27.37,9.0,4.4,29.2,275,83,9350410,2004.0
TRANS POWER 206,,YDA4303,Tug Boat,PT TRANS POWER MARINE,2007 Pst No. 4670/L,26.04,8.6,4.3,26.04,254,77,9465928,2007.0
TRANS POWER 211,,YDA 6099,Tug Boat,PT TRANS POWER MARINE,2008 IIk No. 4400/L,26.21,8.1,3.4,28.5,200,60,,2007.0
TRANS POWER 162,TEKUN 16219,YDA4466,Tug Boat,PT TRANS POWER MARINE,2009 Pst No. 5572/L,24.29,7.32,3.35,26.1,163,49,,2007.0
TRANS POWER 213,,YDA4989,Tug Boat,PT TRANS POWER MARINE,2011 Pst No. 7076/L,27.15,8.6,4.2,29.0,263,79,,2011.0
TRANS POWER 161,TEKUN 16218,YD4440,Tug Boat,PT TRANS POWER MARINE,2008 Pst No. 5472/L,24.29,7.32,3.35,26.1,163,49,9503885,2007.0
TRANS POWER 203,NITYA I,YD 6494,Tug Boat,PT TRANS POWER MARINE,2002 IId No. 389/L,26.48,8.28,3.98,28.3,207,63,8999312,2002.0
TRANS POWER 245,,YD5215,Tug Boat,PT TRANS POWER MARINE,2013 Ka No. 6343/L,28.23,8.2,4.0,29.98,252,76,,2012.0
TRANS POWER 165,,YDA4723,Tug Boat,PT TRANS POWER MARINE,2010 Pst No. 6556/L,24.23,8.0,3.65,26.0,209,63,9606223,2010.0
TRANS POWER 241,MODALWAN 24136,YD6919,Tug Boat,PT TRANS POWER MARINE,2013 IIa No.3421/L,27.53,9.0,4.85,29.2,270,81,9399519,2005.0
KR 5,,,Tug Boat,PT TRANS POWER MARINE,2013 IIk No. 6533/L,26.83,8.5,3.75,28.23,240,72,8684307,2012.0
KR 3,,,Tug Boat,PT TRANS POWER MARINE,2013 IIk No. 6416/L,26.83,8.5,3.75,28.23,240,72,8683107,2012.0
KR 6,,,Tug Boat,PT TRANS POWER MARINE,2013 IIk No. 6534/L,26.83,8.5,3.75,28.23,240,72,8684319,2012.0
GOLD TRANS 321,,,Deck Barge,PT TRANS POWER MARINE,2011 Pst No. 6724/L,87.78,24.4,5.5,91.5,3138,942,,2010.0
KTH GREEN GLOBAL,GREEN GLOBAL,JZJO,Deck Barge,PT TRANS POWER MARINE,2013 PPm No. 2961/L,62.91,24.38,4.88,65.53,2563,769,,2012.0
GOLD TRANS 320,PB 3009,,Barge,PT TRANS POWER MARINE,2011 Ba No. 2148/L,87.78,24.4,5.5,87.78,3146,943,,2010.0
GOLD TRANS 3306,,,Deck Barge,PT TRANS POWER MARINE,2016 Pst No. 9121/L,96.62,27.45,6.41,100.65,4259,1277,,2010.0
GOLD TRANS 3303,,,Deck Barge,PT TRANS POWER MARINE,2014 Pst No. 8341/L,96.62,27.45,6.41,100.65,4270,1281,,2013.0
GOLD TRANS 3301,,,Barge,PT TRANS POWER MARINE,2014 Pst No. 8340/L,96.62,27.45,6.41,100.65,4270,1281,,2013.0
GOLD TRANS 3302,,,Deck Barge,PT TRANS POWER MARINE,2014 Pst No. 8339/L,96.62,27.45,6.41,100.65,4270,1281,,2013.0
GOLD TRANS 3305,,,Deck Barge,PT TRANS POWER MARINE,2014 Pst No. 8338/L,96.62,27.45,6.41,100.65,4270,1281,,2013.0
GOLD TRANS 3009,,,Deck Barge,PT TRANS POWER MARINE,2013 Pst No. 8002/L,87.84,24.4,5.5,91.5,3111,934,,2012.0
GOLD TRANS 3008,,,Deck Barge,PT TRANS POWER MARINE,2013 Pst No. 8001/L,87.84,24.4,5.5,91.5,3111,934,,2012.0
GOLD TRANS 3007,,,Deck Barge,PT TRANS POWER MARINE,2013 Pst No. 8000/L,87.84,24.4,5.5,91.5,3111,934,,2012.0
GOLD TRANS 3006,,,Deck Barge,PT TRANS POWER MARINE,2013 Pst No. 7999/L,87.84,24.4,5.5,91.5,3111,934,,2012.0
JOSHUA,,,Deck Barge,PT TRANS POWER MARINE,2013 Pst No. 7998/L,57.5,22.6,5.0,60.0,2479,744,,2012.0
GOLD TRANS 307,BAIDURI 30380,,Deck Barge,PT TRANS POWER MARINE,2008 Pst No. 5471/L,87.84,24.4,5.5,87.84,3140,942,,2008.0
GOLD TRANS 312,BAIDURI 30321,,Deck Barge,PT TRANS POWER MARINE,2008 Pst No. 5261/L,87.84,24.4,5.5,87.84,3233,970,,2007.0
GOLD TRANS 311,BAIDURI 30296,,Deck Barge,PT TRANS POWER MARINE,2007 Pst No. 4948/L,87.84,24.4,5.5,87.84,3141,943,,2007.0
GOLD TRANS 310,BAIDURI 30295,,Deck Barge,PT TRANS POWER MARINE,2007 Pst No. 4947/L,87.84,24.4,5.5,87.84,3141,943,,2007.0
TRANS POWER 207,,,Tug Boat,PT TRANS POWER MARINE,2007 Pst No. 4712/L,26.04,8.6,4.3,28.05,249,75,9471575,2007.0
GOLD TRANS 308,,,Deck Barge,PT TRANS POWER MARINE,2007 Pst No. 4648/L,87.78,24.38,5.49,87.78,3142,943,,2007.0
TRANS POWER 205,,,Tug Boat,PT TRANS POWER MARINE,2007 Pst No. 4647/L,26.04,8.6,4.3,26.04,254,77,9465916,2007.0
TRANS POWER 242,MODALWAN 24137,YDA 4239,Tug Boat,PT TRANS POWER MARINE,2007 Pst No. 4454/L,27.5,9.0,4.95,27.5,274,83,9419694,2006.0
TRANS POWER 166,,YDA 4724,Tug Boat,PT TRANS POWER MARINE,2010 Pst No. 6557/L,24.29,8.0,3.65,26.0,203,61,9604718,2010.0
GOLD TRANS 331,MANNA LINE 812,,Deck Barge,PT TRANS POWER MARINE,2010 Pst No. 6447/L,96.56,27.48,6.1,100.58,4186,1256,,2009.0
TRANS POWER 219,,YD5220,Tug Boat,PT TRANS POWER MARINE,2014 Ka No. 6578/L,25.22,7.5,3.66,27.29,191,58,8575960,2013.0
TRANS POWER 212,,YDA4988,Tug Boat,PT TRANS POWER MARINE,2011 Pst No. 7075/L,27.15,8.6,4.2,29.0,263,79,,2011.0
GOLD TRANS 326,,,Deck Barge,PT TRANS POWER MARINE,2011 Pst No. 7074/L,87.84,24.4,5.5,87.84,3074,923,,2011.0
GOLD TRANS 327,,,Deck Barge,PT TRANS POWER MARINE,2011 Pst No. 7073/L,87.84,24.4,5.5,87.84,3074,923,,2011.0
TRANS POWER 243,,YDA 4991,Tug Boat,PT TRANS POWER MARINE,2011 Pst No. 7072/L,26.88,9.0,4.25,26.88,247,83,,2009.0
GOLD TRANS 325,,,Deck Barge,PT TRANS POWER MARINE,2011 Pst No. 6976/L,87.78,24.4,5.5,87.78,3233,970,,2011.0
GOLD TRANS 323,,,Deck Barge,PT TRANS POWER MARINE,2011 Pst No. 6975/L,87.78,24.4,5.5,87.78,3233,970,,2011.0
TRANS POWER 246,,YD 5216,Tug Boat,PT TRANS POWER MARINE,2013 IIk No. 6344/L,28.23,8.2,4.0,29.98,252,76,,2012.0
GOLD TRANS 318,PB 3007,,Barge,PT TRANS POWER MARINE,2010 Ba No. 2084/L,87.84,24.4,5.5,87.84,3143,943,,2010.0
GOLD TRANS 319,Pb 3011,,Barge,PT TRANS POWER MARINE,2010 Ba No. 2085/L,87.84,24.4,5.5,87.84,3143,943,,2010.0
TRANS POWER 247,,,Tug Boat,PT TRANS POWER MARINE,2014 Ka No. 6579/L,27.74,8.5,4.5,29.37,283,85,8575984,2013.0
TRANS POWER 246,,,Tug Boat,PT TRANS POWER MARINE,2013 Ka No. 6344/L,28.23,8.2,4.0,29.98,252,76,8699077,2012.0
TRANS POWER 215,,YDB6259,Tug Boat,PT TRANS POWER MARINE,2013 IIk No. 6776/L,27.04,8.1,4.0,28.49,243,73,8695291,2012.0
TRANS POWER - 121,SHAFIRA 08,,Tug Boat,PT TRANS POWER MARINE,2013 IIk No. 6751/L,24.75,7.5,3.1,25.0,159,48,8694015,2012.0
TRANS POWER 208,,YDA 4310,Tug Boat,PT TRANS POWER MARINE,2007 Pst No. 4713/L,26.04,8.6,4.3,28.05,249,75,9471587,2007.0
NELLY ANUGRAH 2,,,Barge,PT PELAYARAN NELLY DWI PUTRI,2023 Pst No. 1432/L,96.56,27.43,6.4,100.58,4467,1341,,2022.0
NELLY 93,,YDC4503,Tug Boat,PT PELAYARAN NELLY DWI PUTRI,2022 Pst No. 1320/L,24.6,7.5,3.75,26.0,179,54,,2022.0
NELLY 100,,,Barge,PT PELAYARAN NELLY DWI PUTRI,2022 Pst No. 1309/L,87.78,25.6,5.49,91.44,3269,981,,2022.0
NELLY 91,,YDC4461,Tug Boat,PT PELAYARAN NELLY DWI PUTRI,2022 Pst No. 1283/L,24.6,7.5,3.75,26.0,179,54,,2022.0
NELLY 98,,,Barge,PT PELAYARAN NELLY DWI PUTRI,2022 Pst No. 1284/L,87.78,25.6,5.49,91.44,3269,981,,2022.0
NELLY 96,,,Barge,PT PELAYARAN NELLY DWI PUTRI,2022 Pst No. 1204/L,87.78,25.6,5.49,91.44,3269,981,,2022.0
NELLY 76,,,Deck Barge,PT PELAYARAN NELLY DWI PUTRI,2012 PPm No. 2536/L,87.78,24.38,5.49,91.44,3145,944,,2012.0
NELLY 92,,,Barge,PT PELAYARAN NELLY DWI PUTRI,2021 Pst No. 1093/L,87.78,24.38,5.49,91.44,3121,937,,2021.0
NELLY 89,,YEC4898,Tug Boat,PT PELAYARAN NELLY DWI PUTRI,2021 Pst No. 1027/L,24.0,7.5,3.75,26.0,175,53,,2020.0
NELLY 70,,,Barge,PT PELAYARAN NELLY DWI PUTRI,2012 PPm No. 2288/L,79.01,21.95,4.88,82.3,2230,669,,2012.0
NELLY 87,,YDC4505,Tug Boat,PT PELAYARAN NELLY DWI PUTRI,2021 Pst No. 758/L,24.6,7.5,3.75,26.0,175,53,9520065,2020.0
NELLY 18,,,Barge,PT PELAYARAN NELLY DWI PUTRI,1998 PPm No. 5/L,43.9,15.25,3.05,43.9,522,157,,1997.0
NELLY 16,,,Barge,PT PELAYARAN NELLY DWI PUTRI,1998 PPm No. 4/L,43.9,15.25,3.05,43.9,522,157,,1997.0
NELLY 85,,YDC4280,Tug Boat,PT PELAYARAN NELLY DWI PUTRI,2020 Pst No. 696/L,24.6,7.5,3.75,26.0,179,54,9925849,2020.0
NELLY 65,,YDA6829,Tug Boat,PT PELAYARAN NELLY DWI PUTRI,2011 IIa No. 3239/L,20.7,6.5,3.2,22.0,103,31,8670526,2011.0
NELLY 90,,,Barge,PT PELAYARAN NELLY DWI PUTRI,2020 Pst No. 415/L,87.78,27.43,5.49,91.44,3514,1055,,2019.0
NELLY VI,,,Deck Barge,PT PELAYARAN NELLY DWI PUTRI,1998 RRc No.527/L,58.52,17.07,3.66,60.96,979,294,,1997.0
NELLY 83,,YDC4205,Tug Boat,PT PELAYARAN NELLY DWI PUTRI,2020 Pst No. 435/L,24.6,7.5,3.75,26.0,179,54,9901879,2018.0
NELLY 81,,YDC4164,Tug Boat,PT PELAYARAN NELLY DWI PUTRI,2019 Pst No. 316/L,24.6,7.5,3.75,26.0,179,54,,2018.0
NELLY 88,,,Barge,PT PELAYARAN NELLY DWI PUTRI,2019 Pst No. 208/L,87.78,24.38,5.49,91.44,3146,944,,2019.0
NELLY 79,,YDC4135,Tug Boat,PT PELAYARAN NELLY DWI PUTRI,2019 Pst No. 234/L,24.6,7.5,3.75,26.0,179,54,,2018.0
NELLY 84,,,Deck Barge,PT PELAYARAN NELLY DWI PUTRI,2019 Pst No. 141/L,87.78,25.6,5.49,91.44,3271,982,,2018.0
NELLY 86,,,Barge,PT PELAYARAN NELLY DWI PUTRI,2018 Pst No. 9983/L,87.78,25.6,5.49,91.44,3276,974,,2017.0
NELLY 77,,YDB6786,Tug Boat,PT PELAYARAN NELLY DWI PUTRI,2018 Pst No. 35/L,24.6,7.5,3.75,26.0,179,54,,2018.0
NOAH - 13,,,Barge,PT PELAYARAN NELLY DWI PUTRI,2003 IIa No. 2216/L,64.37,18.29,4.27,67.06,1260,378,,1992.0
NELLY 82,,,Barge,PT PELAYARAN NELLY DWI PUTRI,2018 Pst No. 9934/L,87.78,24.38,5.49,91.44,3097,930,,2018.0
SUMBER VIII,,YD4454,Tug Boat,PT PELAYARAN NELLY DWI PUTRI,1982 DDa No. 832/L,21.62,6.52,2.85,23.14,102,61,8826979,1982.0
PUTRI BAHARI,,,Deck Barge,PT PELAYARAN NELLY DWI PUTRI,1998 RRc No. 525/L,63.84,18.3,4.3,66.55,1301,391,,1997.0
NELLY VII,,,Tug Boat,PT PELAYARAN NELLY DWI PUTRI,1998 RRc No. 526/L,19.44,7.0,3.21,21.02,113,67,,1996.0
NELLY 9,,YD 4557,Tug Boat,PT PELAYARAN NELLY DWI PUTRI,1998 RRc No. 529/L,19.44,7.0,3.33,21.02,113,67,,1996.0
NELLY 28,,,Deck Barge,PT PELAYARAN NELLY DWI PUTRI,1998 RRc No. 534/L,52.65,15.24,3.66,54.86,759,228,,1997.0
SUMBER XV,,,Tug Boat,PT PELAYARAN NELLY DWI PUTRI,1999 RRc No. 557/P,15.05,4.02,1.7,15.05,33,19,,1987.0
NELLY 58,,,Barge,PT PELAYARAN NELLY DWI PUTRI,2008 Ba No.1160/L,87.78,24.38,5.49,91.44,3107,933,,2007.0
NELLY 35,,,Tug Boat,PT PELAYARAN NELLY DWI PUTRI,2008 Ba No.1123/L,24.98,8.2,4.0,27.0,183,55,8732192,2007.0
NELLY 50,,,Barge,PT PELAYARAN NELLY DWI PUTRI,2007 PPm No. 617/L,79.01,21.34,4.88,82.3,2118,636,,2006.0
NELLY 50,,,Barge,PT PELAYARAN NELLY DWI PUTRI,2007 PPm No. /L,79.01,21.34,4.88,82.3,2118,636,,2006.0
NELLY 52,MITRA CATRUR 1,,Barge,PT PELAYARAN NELLY DWI PUTRI,2007 PPm No. 688/L,79.01,24.38,4.88,82.3,2426,728,,2007.0
NELLY - 25,,YD6944,Tug Boat,PT PELAYARAN NELLY DWI PUTRI,2007 IIa No. 2580/L,22.98,7.0,3.0,23.0,130,39,,2006.0
NELLY - 26,,,Barge,PT PELAYARAN NELLY DWI PUTRI,1998 RRc No. 533/L,64.37,18.25,4.27,67.04,1325,398,,1997.0
NELLY 68,,,Barge,PT PELAYARAN NELLY DWI PUTRI,2011 PPm No. 1829/L,79.01,21.95,4.88,82.3,2171,652,,2011.0
NELLY 37,,YDA6236,Tug Boat,PT PELAYARAN NELLY DWI PUTRI,2009 IIa No. 2783/L,24.9,7.5,3.4,26.0,154,47,8736150,2008.0
NELLY 66,,,Deck Barge,PT PELAYARAN NELLY DWI PUTRI,2011 PPm No. 1752/L,87.78,24.38,5.49,91.44,3145,943,,2011.0
NELLY 55,,YDA6118,Tug Boat,PT PELAYARAN NELLY DWI PUTRI,2008 IIk No. 4420/L,27.22,8.1,3.6,29.25,195,59,,2007.0
NELLY 62,,,Deck Barge,PT PELAYARAN NELLY DWI PUTRI,2011 PPm No. 1571/L,87.78,24.38,5.49,91.44,3145,943,,2009.0
NELLY 78,,,Barge,PT PELAYARAN NELLY DWI PUTRI,2014 PPm No. 3446/L,87.78,27.43,5.49,91.44,3514,1055,,2013.0
NELLY 80,,,Barge,PT PELAYARAN NELLY DWI PUTRI,2014 PPm No. 3564/L,87.78,27.43,5.49,91.44,3514,1055,,2013.0
NOAH - 3002,,,Barge,PT PELAYARAN NELLY DWI PUTRI,2010 Da No. 3821/L,87.78,24.38,5.49,91.44,3141,943,,2008.0
NOAH 3001,,,Deck Barge,PT PELAYARAN NELLY DWI PUTRI,2010 RRc No.874/L,87.78,24.38,5.49,91.44,3117,936,,2007.0
NELLY 72,,,Barge,PT PELAYARAN NELLY DWI PUTRI,2012 PPm No. 2473/L,87.78,24.38,5.49,91.44,3145,944,,2012.0
NELLY 29,,YDA6017,Tug Boat,PT PELAYARAN NELLY DWI PUTRI,2007 IIa No. 2639/L,22.82,7.0,3.0,22.82,132,40,9095852,2007.0
NELLY 33,,,Tug Boat,PT PELAYARAN NELLY DWI PUTRI,2008 IIa No.2731/L,23.06,7.4,3.3,23.06,142,43,8735637,2007.0
NELLY 31,,YDA6055,Tug Boat,PT PELAYARAN NELLY DWI PUTRI,2008 IIa No.2675/L,22.8,7.0,3.0,22.8,134,41,9099987,2007.0
NELLY - 23,,,Tug Boat,PT PELAYARAN NELLY DWI PUTRI,2006 IIa No. 2469/L,20.89,6.7,3.0,20.89,114,35,,2002.0
PANCA NIRWANA I,INTAN KELANA 14,,Barge,PT BINTANG SAMUDERA MANDIRI LINES,2010 Pst No. 6144/L,87.86,24.4,5.5,91.52,3141,943,,2005.0
MELAK 1,TEMAN,YD3995,Tug Boat,PT BINTANG SAMUDERA MANDIRI LINES,2011 PPm No. 1951/L,25.07,8.2,3.6,27.0,184,56,,2009.0
KOLAKA 1,,YD3954,Tug Boat,PT BINTANG SAMUDERA MANDIRI LINES,2011 PPm No. 1871/L,28.06,8.6,4.12,30.0,269,81,,2011.0
JENEPONTO 01,,YD 3955,Tug Boat,PT BINTANG SAMUDERA MANDIRI LINES,2011 PPm No. 1872/L,28.06,8.6,4.12,30.0,268,81,,2011.0
FLORES 1,,YDA3153,Tug Boat,PT BINTANG SAMUDERA MANDIRI LINES,2012 PPm No. 2599/L,27.84,8.6,4.2,30.2,263,79,9662784,2012.0
NUNUKAN 1,,YDA 3152,Tug Boat,PT BINTANG SAMUDERA MANDIRI LINES,2012 PPm No. 2512/L,27.84,8.6,4.2,30.2,263,79,9662772,2012.0
NUSA PENINDA 1,,YDA3245,Tug Boat,PT BINTANG SAMUDERA MANDIRI LINES,2012 PPm No. 2622/L,27.84,8.6,4.2,30.2,263,79,,2012.0
AMB CATHERINE 01,,,Barge,PT BINTANG SAMUDERA MANDIRI LINES,2011 PPm No. 1551/L,87.78,24.38,5.49,91.44,3186,956,,2010.0
AMB THEODORUS 01,,,Barge,PT BINTANG SAMUDERA MANDIRI LINES,2011 PPm No. 1550/L,87.78,24.38,5.49,91.44,3186,956,,2010.0
AMB LEONARDUS 01,,,Barge,PT BINTANG SAMUDERA MANDIRI LINES,2011 PPm No. 1873/L,87.78,24.38,5.49,91.44,3136,941,,2011.0
AMB CATHERINE 02,,,Barge,PT BINTANG SAMUDERA MANDIRI LINES,2012 PPm No. 2133/L,87.78,24.38,5.49,91.44,3112,934,,2011.0
AMB LEONARDUS 02,,,Barge,PT BINTANG SAMUDERA MANDIRI LINES,2012 PPm No. 2475/L,87.78,24.38,5.49,91.44,3144,944,,2011.0
AMB THEODORUS 03,,,Barge,PT BINTANG SAMUDERA MANDIRI LINES,2012 PPm No. 2132/L,87.78,24.38,5.49,91.44,3112,934,,2011.0
AMB LEONARDO 01,,,Barge,PT BINTANG SAMUDERA MANDIRI LINES,2011 PPm No. 1541/L,87.78,24.38,5.49,91.44,3186,956,,2010.0
AMPENAN 1,,YDA 3151,Tug Boat,PT BINTANG SAMUDERA MANDIRI LINES,2012 PPm No. 2366/L,27.84,8.6,4.12,30.0,260,78,9650535,2011.0
EQUATOR 30,,YDA6683,Tug Boat,PT BINTANG SAMUDERA MANDIRI LINES,2011 IIk No. 5483/L,26.97,9.0,4.0,29.76,265,80,,2009.0
KSA 64,,,Tug Boat,PT KARTIKA SAMUDERA ADIJAYA,2011 IIk No. 5685/L,24.81,7.1,3.0,25.0,136,41,8352930,2010.0
RMN 3303,,,Deck Barge,PT KARTIKA SAMUDERA ADIJAYA,2009 IIa No. 2794/L,96.62,27.45,6.41,100.65,4272,1282,,2008.0
RMN 376,,,Barge,PT KARTIKA SAMUDERA ADIJAYA,2011 Ba No. 2534/L,87.86,24.4,5.5,87.86,3071,921,,2011.0
RMN 381,,,Barge,PT KARTIKA SAMUDERA ADIJAYA,2011 Ba No. 2536/L,87.86,24.4,5.5,87.86,3147,944,,2011.0
RMN 382,,,Barge,PT KARTIKA SAMUDERA ADIJAYA,2011 Ba No. 2537/L,87.86,24.4,5.5,87.86,3147,944,,2011.0
RMN - 337,,,Deck Barge,PT KARTIKA SAMUDERA ADIJAYA,2005 IIa No.2394/L,87.84,24.4,5.5,87.84,3128,939,,2004.0
RMN - 336,,,Deck Barge,PT KARTIKA SAMUDERA ADIJAYA,2005 IIa No.2393/L,87.84,24.4,5.5,87.84,3128,939,,2004.0
RMN 3302,,,Barge,PT KARTIKA SAMUDERA ADIJAYA,2009 IIa No. 2830/L,96.48,25.61,6.41,96.48,4111,1234,,2008.0
RMN 353,,,Barge,PT KARTIKA SAMUDERA ADIJAYA,2009 IIk No. 5007/L,87.39,24.4,5.5,87.39,3141,943,,2009.0
RMN 358,,,Barge,PT KARTIKA SAMUDERA ADIJAYA,2010 IIk No. 5139/L,87.86,24.4,5.5,87.86,3141,943,,2009.0
REGAL - 7,,,General Cargo,PT KARTIKA SAMUDERA ADIJAYA,2006 Pst No. 1640/L,23.52,8.0,3.0,23.52,177,53,,1992.0
PACIFIC - 8,,,Deck Barge,PT KARTIKA SAMUDERA ADIJAYA,1999 Pst No. 1641/L,79.01,21.4,4.9,79.01,2129,638,,1996.0
KSA 27,,YDA 6225,Tug Boat,PT KARTIKA SAMUDERA ADIJAYA,2008 IIk No. 4603/L,24.17,7.3,3.15,24.19,152,46,8652380,2008.0
KSA 29,,YDA 6223,Tug Boat,PT KARTIKA SAMUDERA ADIJAYA,2008 IIk No. 4604/L,22.97,7.34,3.2,25.03,143,43,8652392,1993.0
PULAU TIGA 3009,WINBUILD 1448,,Barge,PT PULAU SEROJA JAYA,2010 PPm No. 1170/L,87.84,24.4,5.5,91.5,3131,940,,2009.0
BOMAS TIARA,,YD3654,Tug Boat,PT PULAU SEROJA JAYA,2022 PPm No. 6559/L,24.05,8.0,3.65,26.0,206,62,9545326,2008.0
PULAU JAYA 350 3,,,Deck Barge,PT PULAU SEROJA JAYA,2009 Pst No. 5610/L,102.41,30.48,6.71,106.68,5609,1683,,2008.0
PULAU TIGA 3803,,,Barge,PT PULAU SEROJA JAYA,2022 PPm No. 6412/L,110.86,30.48,8.53,115.82,7662,2299,,2021.0
SM LIBERTY,NAGATO,PNET,Tug Boat,PT PULAU SEROJA JAYA,2009 PPm No. 1090/L,28.9,9.0,5.9,30.01,368,111,9263019,2006.0
CREST OMEGA 1,,YDA4921,Tug Boat,PT PULAU SEROJA JAYA,2011 Ba No. 2571/L,29.92,9.2,4.5,32.0,287,87,9468243,2007.0
CREST OMEGA 2,,YDA4922,Tug Boat,PT PULAU SEROJA JAYA,2012 Ba No. 2675/L,29.92,9.2,4.5,32.0,287,87,9468255,2007.0
PULAU TIGA 3802,,,Barge,PT PULAU SEROJA JAYA,2021 PPm No. 6088/L,110.86,30.48,8.53,115.82,7662,2299,,2020.0
PULAU TIGA 3101,,,Deck Barge,PT PULAU SEROJA JAYA,2020 Ba No. 6225/L,90.72,27.45,6.1,94.5,4102,1230,,2019.0
SM KARYA,,YDA4453,Tug Boat,PT PULAU SEROJA JAYA,2009 Ba No.1500/L,26.04,8.6,4.3,28.05,249,75,,2008.0
PULAU TIGA 330-23,,,Barge,PT PULAU SEROJA JAYA,2008 Ba No.1350/L,96.56,27.43,6.1,100.58,4336,1301,,2007.0
PULAU TIGA 330-22,,,Barge,PT PULAU SEROJA JAYA,2008 Ba No.1349/L,96.56,27.43,6.1,100.58,4336,1301,,2007.0
BOMAS CEMERLANG,,YDA4419,Tug Boat,PT PULAU SEROJA JAYA,2008 Ba No.1348/L,25.07,8.2,3.6,27.0,180,54,,2007.0
BOMAS VICTORY,,YDA4425,Tug Boat,PT PULAU SEROJA JAYA,2008 Ba No.1347/L,28.61,9.0,4.0,31.0,299,90,9505730,2007.0
BOMAS SEGARA,BOMAS MURNI,YDA 4345,Tug Boat,PT PULAU SEROJA JAYA,2008 Ba No.1137/L,25.07,8.2,3.6,27.0,177,54,9461788,2006.0
BOMAS LESTARI,,YD 4335,Tug Boat,PT PULAU SEROJA JAYA,2008 Ba No.1118/L,26.04,8.6,4.3,28.05,249,75,,2007.0
BOMAS GENIUS,,YD4334,Tug Boat,PT PULAU SEROJA JAYA,2008 Ba No. 1107/L,26.04,8.6,4.3,28.05,249,75,9483607,2007.0
PULAU TIGA 338,,,Barge,PT PULAU SEROJA JAYA,2006 Ba No. 678/L,98.36,27.4,6.1,102.48,4358,1308,,2005.0
BOMAS ABADI,,YDA4098,Tug Boat,PT PULAU SEROJA JAYA,2005 Ba No.560/L,25.27,8.7,4.52,25.27,265,80,,1995.0
BOMAS KARYA,TARUMI MARU NO. 2,YDA4105,Tug Boat,PT PULAU SEROJA JAYA,2005 Ba No. 553/L,26.88,9.0,3.8,28.15,281,85,8720369,2002.0
BOMAS MULIA,PROFIT MARINE - 9,,Passenger,PT PULAU SEROJA JAYA,2001 DDa No. 1613/L,21.17,7.0,3.02,21.17,104,62,,1990.0
BOMAS PRIMA,KENCANA -I,YHEA,Tug Boat,PT PULAU SEROJA JAYA,2002 Ba No. 06/L,35.98,8.9,4.7,37.9,434,131,13961188,1992.0
BOMAS POTENZA,,YDB 4537,Tug Boat,PT PULAU SEROJA JAYA,2014 Pst No. 8446/L,27.23,9.0,4.16,29.5,251,76,9616149,2010.0
WINBUILD 1573,,,Deck Barge,PT PULAU SEROJA JAYA,2014 Pst No. 8447/L,106.8,28.04,6.93,111.25,5241,1573,,2013.0
PULAU TIGA 3006,,,Barge,PT PULAU SEROJA JAYA,2006 Ba No. 753/L,87.84,24.0,6.0,91.5,3310,993,,2003.0
TW MAPLE,,YDA4717,Tug Boat,PT PULAU SEROJA JAYA,2010 Pst No. 6542/L,27.77,9.0,4.16,29.5,250,75,9572939,2008.0
WINBUILD 1432,,,Deck Barge,PT PULAU SEROJA JAYA,2010 Pst No. 6543/L,106.8,28.04,6.93,111.25,5260,1578,,2009.0
SM 350,,,Barge,PT PULAU SEROJA JAYA,2009 Ba No. 1484/L,102.41,30.48,6.41,106.68,5303,1591,,2007.0
SM SEDAYU,BINGO MARU,YD3586,Tug Boat,PT PULAU SEROJA JAYA,2009 PPm No. 1034/L,28.8,9.0,4.8,30.0,331,100,8864244,2003.0
PULAU JAYA 330-1,,,Barge,PT PULAU SEROJA JAYA,2010 PPm No. 1177/L,96.56,27.43,6.1,100.58,4336,1301,,2009.0
BOMAS EXPANDER,CREST OMEGA 3,YDB 4180,Tug Boat,PT PULAU SEROJA JAYA,2013 Ba No. 3263/L,29.93,9.2,4.5,32.0,276,83,9560584,2008.0
BOMAS IMPRESA,,YDA3661,Tug Boat,PT PULAU SEROJA JAYA,2014 Ba No. 4122/L,27.44,9.0,4.16,29.5,251,76,9572991,2010.0
BOMAS PROFIT,,YDA 4285,Tug Boat,PT PULAU SEROJA JAYA,2007 Ba No.1015/L,27.31,9.0,4.16,29.5,225,68,9449663,2006.0
BOMAS MULIA,TONG HUAT,YD4837,Tug Boat,PT PULAU SEROJA JAYA,2002 Ba No. 11/L,26.84,8.5,3.9,29.27,258,78,7016773,1990.0
BOMAS SETIA,,YD.4926,Tug Boat,PT PULAU SEROJA JAYA,2003 Ba No.196/L,29.88,9.0,3.8,32.25,294,89,,1998.0
PULAU TIGA 3509,,,Barge,PT PULAU SEROJA JAYA,2006 Ba No.827/L,102.33,30.48,6.4,102.33,5306,1592,,2006.0
WINBUILD 318,,,Barge,PT PULAU SEROJA JAYA,2007 Ba No.1007/L,96.48,27.4,6.1,100.5,4138,1242,,2004.0
PULAU TIGA 3005,,,Barge,PT PULAU SEROJA JAYA,2007 Ba No.961/L,87.86,24.4,5.5,91.5,3147,945,,2004.0
PROFIT GENIUS,,YDA 4256,Tug Boat,PT PULAU SEROJA JAYA,2007 Ba No.944/L,24.32,7.92,3.5,26.0,177,54,9178264,1997.0
WIN BUILD 368,,,Barge,PT PULAU SEROJA JAYA,2007 Ba No.943/L,106.8,28.05,6.93,111.25,5354,1606,,2006.0
BOMAS SURYA,MUKO MARU NO.8,YGUP,Tug Boat,PT PULAU SEROJA JAYA,2007 Ba No.925/L,30.01,9.6,5.8,31.51,445,134,8961896,2000.0
PULAU TIGA 3308,,,Barge,PT PULAU SEROJA JAYA,2007 Ba No.923/L,96.99,28.0,6.9,96.99,4398,1320,,2006.0
PULAU TIGA 3708,,,Barge,PT PULAU SEROJA JAYA,2007 Ba No.922/L,108.56,28.04,6.93,108.56,5390,617,,2006.0
PULAU JAYA 336-1,,,Barge,PT PULAU SEROJA JAYA,2008 Ba No.1175/L,98.38,28.06,6.71,102.48,4876,1463,,2007.0
WINBUILD369,,,Barge,PT PULAU SEROJA JAYA,2008 Ba No.1174/L,106.8,28.04,6.93,111.25,5338,1602,,2007.0
PULAU TIGA 3456,,,Barge,PT PULAU SEROJA JAYA,2008 Ba No.1173/L,100.95,27.43,6.4,105.16,4408,1323,,2007.0
BOMAS SEDAYU,,YDA4477,Tug Boat,PT PULAU SEROJA JAYA,2009 Ba No. 1496/L,28.61,9.0,4.0,28.61,299,90,9562946,2008.0
BOMAS SENTOSA,,YDA 4471,Tug Boat,PT PULAU SEROJA JAYA,2009 Ba No.1474/L,27.52,9.0,4.16,27.52,250,75,9509736,2007.0
BOMAS GLORY,,,Tug Boat,PT PULAU SEROJA JAYA,2009 Ba No.1441/L,28.61,9.0,4.0,31.0,299,90,,2007.0
BOMAS PROGRESS,,YD3879,Tug Boat,PT PULAU SEROJA JAYA,2011 Ba No. 2281/L,28.15,9.0,4.3,30.0,280,84,,2010.0
PULAU TIGA 3801,,,Barge,PT PULAU SEROJA JAYA,2014 Ba No. 4078/L,111.19,30.48,7.32,115.82,5491,1648,,2013.0
PULAU TIGA 366,WINBUILD 1416,,Barge,PT PULAU SEROJA JAYA,2011 Ba No. 2329/L,106.8,28.04,6.93,106.8,5248,1574,,2008.0
PULAU TIGA 345,,,Barge,PT PULAU SEROJA JAYA,2009 PPm No. 990/L,100.95,27.43,6.1,105.16,4575,1373,,2007.0
SM JAYA,MUKO MARU,YD3560,Tug Boat,PT PULAU SEROJA JAYA,2010 PPm No. 969/L,28.8,9.0,4.8,30.0,323,97,,1998.0
BOMAS EXPLORER,,YDB 4916,Tug Boat,PT PULAU SEROJA JAYA,2017 Ba No. 4775/L,27.6,8.6,4.2,30.2,266,80,9767132,2015.0
BOMAS CAHAYA,,YD 3591,Tug Boat,PT PULAU SEROJA JAYA,2009 PPm No. 991/L,28.61,9.0,4.0,31.0,299,90,9563718,2008.0
BOMAS SEJATI,CHIYO MARU No. 3,YD 3273,Tug Boat,PT PULAU SEROJA JAYA,2006 PPm No. 516/L,22.61,8.0,2.9,22.61,156,47,8730821,1988.0
BOMAS GRACIA,,PNFT,Tug Boat,PT PULAU SEROJA JAYA,2010 PPm No. 1168/L,28.78,9.5,4.2,28.78,316,95,,2008.0
PULAU TIGA 365,SM 365,,Barge,PT PULAU SEROJA JAYA,2009 PPm No. 989/L,106.8,28.04,6.93,106.8,5260,1578,,2008.0
DELTA CAHAYA 8,,YD 6956,Tug Boat,PT PULAU SEROJA JAYA,2007 IIk No. 3972/L,26.21,8.1,3.4,26.21,207,63,9098141,2006.0
WINBUILD 310,,,Barge,PT PULAU SEROJA JAYA,2005 PPm No. 474/L,87.84,24.4,6.0,91.5,3310,993,,2001.0
PULAU TIGA 3007,,,Deck Barge,PT PULAU SEROJA JAYA,2008 Pst No. 5200/L,87.86,24.4,5.5,87.86,3147,945,,2004.0
PROFIT LEGEND THREE,,YDA 44385,Tug Boat,PT PULAU SEROJA JAYA,2008 Ba No.1283/L,24.25,8.0,3.65,26.0,196,59,9340829,2004.0
BOMAS STAR,,YD 4384,Tug Boat,PT PULAU SEROJA JAYA,2008 Ba No.1284/L,25.07,8.2,3.6,27.0,180,54,9407691,2005.0
BOMAS GEMILANG,isuzu Maru no.2,YDA4398,Tug Boat,PT PULAU SEROJA JAYA,2008 Ba No.1285/L,26.04,7.0,3.0,29.0,146,44,8746698,1988.0
PULAU TIGA 3457,,,Barge,PT PULAU SEROJA JAYA,2008 Ba No. 1322/L,100.85,27.43,6.4,100.85,4408,1323,,2007.0
PULAU TIGA 3021,,,Barge,PT PULAU SEROJA JAYA,2008 Ba No. 1375/N,87.84,24.4,5.5,91.5,3146,944,,2007.0
PULAU TIGA 330,,,Barge,PT PULAU SEROJA JAYA,2009 Ba No. 1497/L,96.56,27.43,6.1,96.56,4344,1304,,2008.0
WINBUILD 358,,,Barge,PT PULAU SEROJA JAYA,2007 Ba No. 1014/L,102.41,30.48,6.41,106.68,5309,1593,,2006.0
PULAU TIGA 3016,,,Barge,PT PULAU SEROJA JAYA,2007 Ba No. 1017/L,87.78,24.38,5.49,87.78,3142,943,,2007.0
PULAU TIGA 3405,,,Barge,PT PULAU SEROJA JAYA,2007 Ba No. 1040/L,100.95,27.43,6.4,105.16,4408,1323,,2007.0
BOMAS SATRIA,,YDA4325,Tug Boat,PT PULAU SEROJA JAYA,2007 Ba No. 1067/L,26.04,8.6,4.3,26.04,254,77,,2007.0
BOMAS CERIA,Fuji No.3,YDA4326,Tug Boat,PT PULAU SEROJA JAYA,2007 Ba No.1078/L,30.4,9.0,5.5,31.67,351,106,8961858,2000.0
WINBUILD 345,RMN 3451,,Barge,PT PULAU SEROJA JAYA,2007 Ba No. 1079/L,100.95,27.43,6.4,105.16,4408,1323,,2007.0
PULAU TIGA 3459,,,Barge,PT PULAU SEROJA JAYA,2008 Ba No. 1096/L,100.95,27.43,6.4,105.16,4385,1316,,2007.0
PULAU TIGA 3017,,,Barge,PT PULAU SEROJA JAYA,2008 Ba No. 1097/L,87.78,24.38,5.49,87.78,3142,943,,2007.0
BOMAS JAYA,HOKIE MARU II,YD4759,Tug Boat,PT PULAU SEROJA JAYA,2001 Pst No. 2377/L,27.24,8.0,3.8,27.24,211,64,7856276,1990.0
BOMAS GOLD,,,Tug Boat,PT PULAU SEROJA JAYA,2004 IIk No. 3413/L,29.32,8.59,4.5,33.92,271,82,8737972,1990.0
BOMAS REGULUS,MT REGULUS,YDA 4916,Tug Boat,PT PULAU SEROJA JAYA,2011 Ba No. 2508/L,27.52,9.0,4.16,29.5,253,76,,2009.0
